2026-02-26 23:13:57	393970	대진첨단소재	business_section_not_found	rcept_no=20250324000700
2026-02-26 23:26:05	462510	라메디텍	business_section_not_found	rcept_no=20250319000467
2026-02-26 23:32:28	338840	와이바이오로직스	business_section_not_found	rcept_no=20250718000564
2026-02-26 23:35:24	416180	신성에스티	business_section_not_found	rcept_no=20250319000004
2026-02-26 23:37:50	457940	SK증권제10호스팩	business_section_not_found	rcept_no=20250317000698
2026-02-26 23:43:04	451800	한화리츠	business_section_not_found	rcept_no=20250321001370
2026-02-26 23:43:30	417010	나노팀	business_section_not_found	rcept_no=20250325000600
2026-02-26 23:45:19	102950	아하	business_section_not_found	rcept_no=20250326000824
2026-02-26 23:46:59	403360	라피치	business_section_not_found	rcept_no=20250327000068
2026-02-26 23:54:33	316140	우리금융지주	business_section_not_found	rcept_no=20250318001303
2026-02-26 23:59:25	233250	메디안디노스틱	business_section_not_found	rcept_no=20251021000231
2026-02-27 00:03:49	238500	로보쓰리에이아이	business_section_not_found	rcept_no=20250407004339
2026-02-27 00:11:56	079980	휴비스	sub_docs_error:ConnectionError	rcept_no=20250317000508
2026-02-27 00:11:57	145270	케이탑리츠	sub_docs_error:ConnectionError	rcept_no=20250312000670
2026-02-27 00:11:59	007070	GS리테일	sub_docs_error:ConnectionError	rcept_no=20250312000991
2026-02-27 00:12:00	129260	인터지스	sub_docs_error:ConnectionError	rcept_no=20250317000861
2026-02-27 00:12:01	145990	삼양사	sub_docs_error:ConnectionError	rcept_no=20250319000739
2026-02-27 00:12:02	039130	하나투어	sub_docs_error:ConnectionError	rcept_no=20250320001129
2026-02-27 00:12:04	078520	에이블씨엔씨	sub_docs_error:ConnectionError	rcept_no=20250321001828
2026-02-27 00:12:05	023000	삼원강재	sub_docs_error:ConnectionError	rcept_no=20250314000520
2026-02-27 00:12:06	031430	신세계인터내셔날	sub_docs_error:ConnectionError	rcept_no=20250313000018
2026-02-27 00:12:07	140910	에이리츠	sub_docs_error:ConnectionError	rcept_no=20250314000900
2026-02-27 00:12:08	047810	한국항공우주	sub_docs_error:ConnectionError	rcept_no=20250318001067
2026-02-27 00:12:10	071840	롯데하이마트	sub_docs_error:ConnectionError	rcept_no=20250312001152
2026-02-27 00:12:11	069640	한세엠케이	sub_docs_error:ConnectionError	rcept_no=20250318000981
2026-02-27 00:12:11	014710	사조씨푸드	sub_docs_error:ConnectTimeout	rcept_no=20250311000913
2026-02-27 00:12:12	138490	코오롱ENP	sub_docs_error:ConnectionError	rcept_no=20250318000887
2026-02-27 00:12:13	079980	휴비스	sub_docs_error:ConnectionError	rcept_no=20250317000508
2026-02-27 00:12:14	139480	이마트	sub_docs_error:ConnectionError	rcept_no=20250318000688
2026-02-27 00:12:14	145270	케이탑리츠	sub_docs_error:ConnectionError	rcept_no=20250312000670
2026-02-27 00:12:15	139130	iM금융지주	sub_docs_error:ConnectionError	rcept_no=20250318000693
2026-02-27 00:12:16	007070	GS리테일	sub_docs_error:ConnectionError	rcept_no=20250312000991
2026-02-27 00:12:16	053210	케이티스카이라이프	sub_docs_error:ConnectionError	rcept_no=20250318001057
2026-02-27 00:12:17	129260	인터지스	sub_docs_error:ConnectionError	rcept_no=20250317000861
2026-02-27 00:12:18	138040	메리츠금융지주	sub_docs_error:ConnectionError	rcept_no=20250328001697
2026-02-27 00:12:19	145990	삼양사	sub_docs_error:ConnectionError	rcept_no=20250319000739
2026-02-27 00:12:19	023350	한국종합기술	sub_docs_error:ConnectionError	rcept_no=20250318001001
2026-02-27 00:12:20	039130	하나투어	sub_docs_error:ConnectionError	rcept_no=20250320001129
2026-02-27 00:12:20	138930	BNK금융지주	sub_docs_error:ConnectionError	rcept_no=20250318001176
2026-02-27 00:12:21	078520	에이블씨엔씨	sub_docs_error:ConnectionError	rcept_no=20250321001828
2026-02-27 00:12:22	020150	롯데에너지머티리얼즈	sub_docs_error:ConnectionError	rcept_no=20250314001597
2026-02-27 00:12:23	023000	삼원강재	sub_docs_error:ConnectionError	rcept_no=20250314000520
2026-02-27 00:12:23	011210	현대위아	sub_docs_error:ConnectionError	rcept_no=20250313000158
2026-02-27 00:12:24	031430	신세계인터내셔날	sub_docs_error:ConnectionError	rcept_no=20250313000018
2026-02-27 00:12:24	136490	선진	sub_docs_error:ConnectionError	rcept_no=20250318001380
2026-02-27 00:12:25	140910	에이리츠	sub_docs_error:ConnectionError	rcept_no=20250314000900
2026-02-27 00:12:26	134380	미원화학	sub_docs_error:ConnectionError	rcept_no=20250310000394
2026-02-27 00:12:27	047810	한국항공우주	sub_docs_error:ConnectionError	rcept_no=20250318001067
2026-02-27 00:12:27	134790	시디즈	sub_docs_error:ConnectionError	rcept_no=20250814002709
2026-02-27 00:12:28	071840	롯데하이마트	sub_docs_error:ConnectionError	rcept_no=20250312001152
2026-02-27 00:12:28	082740	한화엔진	sub_docs_error:ConnectionError	rcept_no=20250813000469
2026-02-27 00:12:29	069640	한세엠케이	sub_docs_error:ConnectionError	rcept_no=20250318000981
2026-02-27 00:12:30	117580	대성에너지	sub_docs_error:ConnectionError	rcept_no=20250320001296
2026-02-27 00:12:31	138490	코오롱ENP	sub_docs_error:ConnectionError	rcept_no=20250318000887
2026-02-27 00:12:31	126560	현대퓨처넷	sub_docs_error:ConnectionError	rcept_no=20250829001372
2026-02-27 00:12:32	139480	이마트	sub_docs_error:ConnectionError	rcept_no=20250318000688
2026-02-27 00:12:32	058860	KTis	sub_docs_error:ConnectionError	rcept_no=20250318000822
2026-02-27 00:12:34	139130	iM금융지주	sub_docs_error:ConnectionError	rcept_no=20250318000693
2026-02-27 00:12:34	130660	한전산업	sub_docs_error:ConnectionError	rcept_no=20250320001416
2026-02-27 00:12:35	053210	케이티스카이라이프	sub_docs_error:ConnectionError	rcept_no=20250318001057
2026-02-27 00:12:35	900140	엘브이엠씨	sub_docs_error:ConnectionError	rcept_no=20250425000879
2026-02-27 00:12:37	138040	메리츠금융지주	sub_docs_error:ConnectionError	rcept_no=20250328001697
2026-02-27 00:12:37	081660	미스토홀딩스	sub_docs_error:ConnectionError	rcept_no=20250321001837
2026-02-27 00:12:38	023350	한국종합기술	sub_docs_error:ConnectionError	rcept_no=20250318001001
2026-02-27 00:12:38	058850	KTcs	sub_docs_error:ConnectionError	rcept_no=20250320001127
2026-02-27 00:12:39	138930	BNK금융지주	sub_docs_error:ConnectionError	rcept_no=20250318001176
2026-02-27 00:12:39	057050	현대홈쇼핑	sub_docs_error:ConnectionError	rcept_no=20250829001728
2026-02-27 00:12:41	020150	롯데에너지머티리얼즈	sub_docs_error:ConnectionError	rcept_no=20250314001597
2026-02-27 00:12:41	002150	도화엔지니어링	sub_docs_error:ConnectionError	rcept_no=20250813001273
2026-02-27 00:12:42	011210	현대위아	sub_docs_error:ConnectionError	rcept_no=20250313000158
2026-02-27 00:12:42	128820	대성산업	sub_docs_error:ConnectionError	rcept_no=20250320001121
2026-02-27 00:12:44	136490	선진	sub_docs_error:ConnectionError	rcept_no=20250318001380
2026-02-27 00:12:44	122900	아이마켓코리아	sub_docs_error:ConnectionError	rcept_no=20250320001632
2026-02-27 00:12:45	134380	미원화학	sub_docs_error:ConnectionError	rcept_no=20250310000394
2026-02-27 00:12:45	128940	한미약품	sub_docs_error:ConnectionError	rcept_no=20250318001206
2026-02-27 00:12:47	134790	시디즈	sub_docs_error:ConnectionError	rcept_no=20250814002709
2026-02-27 00:12:47	105840	우진	sub_docs_error:ConnectionError	rcept_no=20250313001154
2026-02-27 00:12:48	033920	무학	sub_docs_error:ConnectionError	rcept_no=20250324000610
2026-02-27 00:12:48	082740	한화엔진	sub_docs_error:ConnectionError	rcept_no=20250813000469
2026-02-27 00:12:50	102460	이연제약	sub_docs_error:ConnectionError	rcept_no=20250801000808
2026-02-27 00:12:50	117580	대성에너지	sub_docs_error:ConnectionError	rcept_no=20250320001296
2026-02-27 00:12:51	126560	현대퓨처넷	sub_docs_error:ConnectionError	rcept_no=20250829001372
2026-02-27 00:12:51	123690	한국화장품	sub_docs_error:ConnectionError	rcept_no=20250320001323
2026-02-27 00:12:53	058860	KTis	sub_docs_error:ConnectionError	rcept_no=20250318000822
2026-02-27 00:12:53	123700	에스제이엠	sub_docs_error:ConnectionError	rcept_no=20250321000422
2026-02-27 00:12:54	130660	한전산업	sub_docs_error:ConnectionError	rcept_no=20250320001416
2026-02-27 00:12:54	060980	HL홀딩스	sub_docs_error:ConnectionError	rcept_no=20250916000312
2026-02-27 00:12:56	900140	엘브이엠씨	sub_docs_error:ConnectionError	rcept_no=20250425000879
2026-02-27 00:12:56	032830	삼성생명	sub_docs_error:ConnectionError	rcept_no=20250331004004
2026-02-27 00:12:57	081660	미스토홀딩스	sub_docs_error:ConnectionError	rcept_no=20250321001837
2026-02-27 00:12:57	031440	신세계푸드	sub_docs_error:ConnectionError	rcept_no=20250317000635
2026-02-27 00:12:59	900110	이스트아시아홀딩스	sub_docs_error:ConnectionError	rcept_no=20250430001450
2026-02-27 00:12:59	058850	KTcs	sub_docs_error:ConnectionError	rcept_no=20250320001127
2026-02-27 00:13:00	900120	씨엑스아이	sub_docs_error:ConnectionError	rcept_no=20241028000347
2026-02-27 00:13:00	057050	현대홈쇼핑	sub_docs_error:ConnectionError	rcept_no=20250829001728
2026-02-27 00:13:02	002150	도화엔지니어링	sub_docs_error:ConnectionError	rcept_no=20250813001273
2026-02-27 00:13:02	088350	한화생명	sub_docs_error:ConnectionError	rcept_no=20250331003702
2026-02-27 00:13:03	120030	조선선재	sub_docs_error:ConnectionError	rcept_no=20250715000164
2026-02-27 00:13:03	128820	대성산업	sub_docs_error:ConnectionError	rcept_no=20250320001121
2026-02-27 00:13:05	122900	아이마켓코리아	sub_docs_error:ConnectionError	rcept_no=20250320001632
2026-02-27 00:13:05	120110	코오롱인더	sub_docs_error:ConnectionError	rcept_no=20250319000318
2026-02-27 00:13:06	128940	한미약품	sub_docs_error:ConnectionError	rcept_no=20250318001206
2026-02-27 00:13:06	119650	KC코트렐	sub_docs_error:ConnectionError	rcept_no=20250814002924
2026-02-27 00:13:08	105840	우진	sub_docs_error:ConnectionError	rcept_no=20250313001154
2026-02-27 00:13:08	071320	지역난방공사	sub_docs_error:ConnectionError	rcept_no=20250327000192
2026-02-27 00:13:09	012160	영흥	sub_docs_error:ConnectionError	rcept_no=20250328001676
2026-02-27 00:13:09	033920	무학	sub_docs_error:ConnectionError	rcept_no=20250324000610
2026-02-27 00:13:11	118000	메타케어	sub_docs_error:ConnectionError	rcept_no=20250320001573
2026-02-27 00:13:11	102460	이연제약	sub_docs_error:ConnectionError	rcept_no=20250801000808
2026-02-27 00:13:12	900070	글로벌에스엠	sub_docs_error:ConnectionError	rcept_no=20250425000505
2026-02-27 00:13:12	123690	한국화장품	sub_docs_error:ConnectionError	rcept_no=20250320001323
2026-02-27 00:13:13	052690	한전기술	sub_docs_error:ConnectionError	rcept_no=20250814001076
2026-02-27 00:13:13	123700	에스제이엠	sub_docs_error:ConnectionError	rcept_no=20250321000422
2026-02-27 00:13:15	114090	GKL	sub_docs_error:ConnectionError	rcept_no=20250328001704
2026-02-27 00:13:15	060980	HL홀딩스	sub_docs_error:ConnectionError	rcept_no=20250916000312
2026-02-27 00:13:16	034730	SK	sub_docs_error:ConnectionError	rcept_no=20250318001364
2026-02-27 00:13:16	032830	삼성생명	sub_docs_error:ConnectionError	rcept_no=20250331004004
2026-02-27 00:13:18	031440	신세계푸드	sub_docs_error:ConnectionError	rcept_no=20250317000635
2026-02-27 00:13:18	032560	황금에스티	sub_docs_error:ConnectionError	rcept_no=20250318001129
2026-02-27 00:13:19	900110	이스트아시아홀딩스	sub_docs_error:ConnectionError	rcept_no=20250430001450
2026-02-27 00:13:19	000080	하이트진로	sub_docs_error:ConnectionError	rcept_no=20250320000493
2026-02-27 00:13:21	900120	씨엑스아이	sub_docs_error:ConnectionError	rcept_no=20241028000347
2026-02-27 00:13:21	082640	동양생명	sub_docs_error:ConnectionError	rcept_no=20250331000321
2026-02-27 00:13:22	047400	유니온머티리얼	sub_docs_error:ConnectionError	rcept_no=20250319000740
2026-02-27 00:13:22	088350	한화생명	sub_docs_error:ConnectionError	rcept_no=20250331003702
2026-02-27 00:13:24	093240	형지엘리트	sub_docs_error:ConnectionError	rcept_no=20240920000129
2026-02-27 00:13:24	120030	조선선재	sub_docs_error:ConnectionError	rcept_no=20250715000164
2026-02-27 00:13:25	120110	코오롱인더	sub_docs_error:ConnectionError	rcept_no=20250319000318
2026-02-27 00:13:25	039490	키움증권	sub_docs_error:ConnectionError	rcept_no=20250317000785
2026-02-27 00:13:27	119650	KC코트렐	sub_docs_error:ConnectionError	rcept_no=20250814002924
2026-02-27 00:13:27	111770	영원무역	sub_docs_error:ConnectionError	rcept_no=20250321001998
2026-02-27 00:13:28	053690	한미글로벌	sub_docs_error:ConnectionError	rcept_no=20250814003308
2026-02-27 00:13:28	071320	지역난방공사	sub_docs_error:ConnectionError	rcept_no=20250327000192
2026-02-27 00:13:30	012160	영흥	sub_docs_error:ConnectionError	rcept_no=20250328001676
2026-02-27 00:13:30	028100	동아지질	sub_docs_error:ConnectionError	rcept_no=20250814003141
2026-02-27 00:13:31	118000	메타케어	sub_docs_error:ConnectionError	rcept_no=20250320001573
2026-02-27 00:13:31	071970	HD현대마린엔진	sub_docs_error:ConnectionError	rcept_no=20250317000801
2026-02-27 00:13:33	108670	LX하우시스	sub_docs_error:ConnectionError	rcept_no=20250318001456
2026-02-27 00:13:33	900070	글로벌에스엠	sub_docs_error:ConnectionError	rcept_no=20250425000505
2026-02-27 00:13:34	052690	한전기술	sub_docs_error:ConnectionError	rcept_no=20250814001076
2026-02-27 00:13:34	105630	한세실업	sub_docs_error:ConnectionError	rcept_no=20250318000934
2026-02-27 00:13:36	114090	GKL	sub_docs_error:ConnectionError	rcept_no=20250328001704
2026-02-27 00:13:36	109070	주성코퍼레이션	sub_docs_error:ConnectionError	rcept_no=20250318000167
2026-02-27 00:13:37	107590	미원홀딩스	sub_docs_error:ConnectionError	rcept_no=20250319000813
2026-02-27 00:13:37	034730	SK	sub_docs_error:ConnectionError	rcept_no=20250318001364
2026-02-27 00:13:38	032560	황금에스티	sub_docs_error:ConnectionError	rcept_no=20250318001129
2026-02-27 00:13:38	078070	유비쿼스홀딩스	sub_docs_error:ConnectionError	rcept_no=20250318001391
2026-02-27 00:13:40	000080	하이트진로	sub_docs_error:ConnectionError	rcept_no=20250320000493
2026-02-27 00:13:41	082640	동양생명	sub_docs_error:ConnectionError	rcept_no=20250331000321
2026-02-27 00:13:42	047400	유니온머티리얼	sub_docs_error:ConnectionError	rcept_no=20250319000740
2026-02-27 00:13:43	093240	형지엘리트	sub_docs_error:ConnectionError	rcept_no=20240920000129
2026-02-27 00:13:45	039490	키움증권	sub_docs_error:ConnectionError	rcept_no=20250317000785
2026-02-27 00:13:46	111770	영원무역	sub_docs_error:ConnectionError	rcept_no=20250321001998
2026-02-27 00:13:47	053690	한미글로벌	sub_docs_error:ConnectionError	rcept_no=20250814003308
2026-02-27 00:13:48	028100	동아지질	sub_docs_error:ConnectionError	rcept_no=20250814003141
2026-02-27 00:13:50	071970	HD현대마린엔진	sub_docs_error:ConnectionError	rcept_no=20250317000801
2026-02-27 00:13:51	108670	LX하우시스	sub_docs_error:ConnectionError	rcept_no=20250318001456
2026-02-27 00:13:52	105630	한세실업	sub_docs_error:ConnectionError	rcept_no=20250318000934
2026-02-27 00:13:53	109070	주성코퍼레이션	sub_docs_error:ConnectionError	rcept_no=20250318000167
2026-02-27 00:13:55	107590	미원홀딩스	sub_docs_error:ConnectionError	rcept_no=20250319000813
2026-02-27 00:13:56	078070	유비쿼스홀딩스	sub_docs_error:ConnectionError	rcept_no=20250318001391
2026-02-27 00:13:57	035420	NAVER	sub_docs_error:ConnectionError	rcept_no=20250318000645
2026-02-27 00:13:58	026940	부국철강	sub_docs_error:ConnectionError	rcept_no=20250320000887
2026-02-27 00:14:00	105560	KB금융	sub_docs_error:ConnectionError	rcept_no=20250526000370
2026-02-27 00:14:01	104700	한국철강	sub_docs_error:ConnectionError	rcept_no=20250320001288
2026-02-27 00:14:02	103590	일진전기	sub_docs_error:ConnectionError	rcept_no=20250312000485
2026-02-27 00:14:03	103140	풍산	sub_docs_error:ConnectionError	rcept_no=20250313001378
2026-02-27 00:14:05	011070	LG이노텍	sub_docs_error:ConnectionError	rcept_no=20250318001384
2026-02-27 00:14:06	017180	명문제약	sub_docs_error:ConnectionError	rcept_no=20250326000618
2026-02-27 00:14:07	100220	비상교육	sub_docs_error:ConnectionError	rcept_no=20250320001015
2026-02-27 00:14:08	102260	동성케미컬	sub_docs_error:ConnectionError	rcept_no=20250515001393
2026-02-27 00:14:09	032640	LG유플러스	sub_docs_error:ConnectionError	rcept_no=20250317000701
2026-02-27 00:14:11	101140	인바이오젠	sub_docs_error:ConnectionError	rcept_no=20250321001009
2026-02-27 00:14:12	020560	아시아나항공	sub_docs_error:ConnectionError	rcept_no=20250318000756
2026-02-27 00:14:13	100840	SNT에너지	sub_docs_error:ConnectionError	rcept_no=20250220001320
2026-02-27 00:14:14	100250	진양홀딩스	sub_docs_error:ConnectionError	rcept_no=20250306000676
2026-02-27 00:14:16	085310	엔케이	sub_docs_error:ConnectionError	rcept_no=20250319000323
2026-02-27 00:14:17	051600	한전KPS	sub_docs_error:ConnectionError	rcept_no=20250514000974
2026-02-27 00:14:18	092440	기신정기	sub_docs_error:ConnectionError	rcept_no=20240613000239
2026-02-27 00:14:19	044450	KSS해운	sub_docs_error:ConnectionError	rcept_no=20250814001308
2026-02-27 00:14:21	094280	효성 ITX	sub_docs_error:ConnectionError	rcept_no=20250318000878
2026-02-27 00:14:22	033270	유나이티드	sub_docs_error:ConnectionError	rcept_no=20250728000359
2026-02-27 00:14:23	092200	디아이씨	sub_docs_error:ConnectionError	rcept_no=20250321001173
2026-02-27 00:14:24	097950	CJ제일제당	sub_docs_error:ConnectionError	rcept_no=20250321001604
2026-02-27 00:14:26	028670	팬오션	sub_docs_error:ConnectionError	rcept_no=20250318000777
2026-02-27 00:14:27	097230	HJ중공업	sub_docs_error:ConnectionError	rcept_no=20250813000454
2026-02-27 00:14:28	096760	JW홀딩스	sub_docs_error:ConnectionError	rcept_no=20250318001204
2026-02-27 00:14:29	096770	SK이노베이션	sub_docs_error:ConnectionError	rcept_no=20250318000862
2026-02-27 00:14:31	086520	에코프로	sub_docs_error:ConnectionError	rcept_no=20250318001116
2026-02-27 00:14:32	029780	삼성카드	sub_docs_error:ConnectionError	rcept_no=20250312000920
2026-02-27 00:14:33	001780	알루코	sub_docs_error:ConnectionError	rcept_no=20250318000832
2026-02-27 00:14:34	095720	웅진씽크빅	sub_docs_error:ConnectionError	rcept_no=20250320001745
2026-02-27 00:14:36	078020	LS증권	sub_docs_error:ConnectionError	rcept_no=20250319000847
2026-02-27 00:14:38	090370	메타랩스	sub_docs_error:ConnectionError	rcept_no=20250320001179
2026-02-27 00:14:39	093370	후성	sub_docs_error:ConnectionError	rcept_no=20250317000896
2026-02-27 00:14:40	093050	LF	sub_docs_error:ConnectionError	rcept_no=20250318000532
2026-02-27 00:14:41	044380	주연테크	sub_docs_error:ConnectionError	rcept_no=20250320000220
2026-02-27 00:14:42	044820	코스맥스비티아이	sub_docs_error:ConnectionError	rcept_no=20250319000641
2026-02-27 00:14:44	034590	인천도시가스	sub_docs_error:ConnectionError	rcept_no=20250306000367
2026-02-27 00:14:45	009770	삼정펄프	sub_docs_error:ConnectionError	rcept_no=20250327001293
2026-02-27 00:14:46	092220	KEC	sub_docs_error:ConnectionError	rcept_no=20250319000838
2026-02-27 00:14:47	092230	KPX홀딩스	sub_docs_error:ConnectionError	rcept_no=20250313001218
2026-02-27 00:14:49	089470	HDC현대EP	sub_docs_error:ConnectionError	rcept_no=20250812000172
2026-02-27 00:14:50	090350	노루페인트	sub_docs_error:ConnectionError	rcept_no=20250313001422
2026-02-27 00:14:51	090430	아모레퍼시픽	sub_docs_error:ConnectionError	rcept_no=20250317000429
2026-02-27 00:14:52	032350	롯데관광개발	sub_docs_error:ConnectionError	rcept_no=20250320001631
2026-02-27 00:14:53	090080	평화산업	sub_docs_error:ConnectionError	rcept_no=20250317000667
2026-02-27 00:14:55	049800	우진플라임	sub_docs_error:ConnectionError	rcept_no=20250321000814
2026-02-27 00:14:56	035510	신세계I&C	sub_docs_error:ConnectionError	rcept_no=20250317000967
2026-02-27 00:14:57	088790	진도	sub_docs_error:ConnectionError	rcept_no=20250327001019
2026-02-27 00:14:59	023530	롯데쇼핑	sub_docs_error:ConnectionError	rcept_no=20250314001659
2026-02-27 00:15:01	086280	현대글로비스	sub_docs_error:ConnectionError	rcept_no=20250318000748
2026-02-27 00:15:02	084870	티비에이치글로벌	sub_docs_error:ConnectionError	rcept_no=20250320000173
2026-02-27 00:15:03	086790	하나금융지주	sub_docs_error:ConnectionError	rcept_no=20250317000894
2026-02-27 00:15:04	001560	제일연마	sub_docs_error:ConnectionError	rcept_no=20250317000206
2026-02-27 00:15:06	079430	현대리바트	sub_docs_error:ConnectionError	rcept_no=20250829001312
2026-02-27 00:15:07	084010	대한제강	sub_docs_error:ConnectionError	rcept_no=20250320000395
2026-02-27 00:15:08	075180	새론오토모티브	sub_docs_error:ConnectionError	rcept_no=20250321000868
2026-02-27 00:15:09	083420	그린케미칼	sub_docs_error:ConnectionError	rcept_no=20250318000396
2026-02-27 00:15:10	084690	대상홀딩스	sub_docs_error:ConnectionError	rcept_no=20250319001086
2026-02-27 00:15:12	071950	코아스	sub_docs_error:ConnectionError	rcept_no=20250320000653
2026-02-27 00:15:13	084680	이월드	sub_docs_error:ConnectionError	rcept_no=20250313000580
2026-02-27 00:15:14	084670	동양고속	sub_docs_error:ConnectionError	rcept_no=20250321001272
2026-02-27 00:15:15	042700	한미반도체	sub_docs_error:ConnectionError	rcept_no=20250313001171
2026-02-27 00:15:16	004890	동일산업	sub_docs_error:ConnectionError	rcept_no=20250328001290
2026-02-27 00:15:18	010960	삼호개발	sub_docs_error:ConnectionError	rcept_no=20250317000096
2026-02-27 00:15:19	073240	금호타이어	sub_docs_error:ConnectionError	rcept_no=20250318001169
2026-02-27 00:15:20	079160	CJ CGV	sub_docs_error:ConnectionError	rcept_no=20250321001474
2026-02-27 00:15:21	081000	일진다이아	sub_docs_error:ConnectionError	rcept_no=20250312000641
2026-02-27 00:15:23	014830	유니드	sub_docs_error:ConnectionError	rcept_no=20250318000116
2026-02-27 00:15:24	041650	상신브레이크	sub_docs_error:ConnectionError	rcept_no=20250314001195
2026-02-27 00:15:25	023810	인팩	sub_docs_error:ConnectionError	rcept_no=20250321001500
2026-02-27 00:15:26	078930	GS	sub_docs_error:ConnectionError	rcept_no=20250318001410
2026-02-27 00:15:28	077500	유니퀘스트	sub_docs_error:ConnectionError	rcept_no=20250320001187
2026-02-27 00:15:29	058730	다스코	sub_docs_error:ConnectionError	rcept_no=20250314000954
2026-02-27 00:15:30	034220	LG디스플레이	sub_docs_error:ConnectionError	rcept_no=20250312000906
2026-02-27 00:15:31	078000	텔코웨어	sub_docs_error:ConnectionError	rcept_no=20250814001427
2026-02-27 00:15:33	077970	STX엔진	sub_docs_error:ConnectionError	rcept_no=20250321000939
2026-02-27 00:15:34	034310	NICE	sub_docs_error:ConnectionError	rcept_no=20250318000811
2026-02-27 00:15:35	019680	대교	sub_docs_error:ConnectionError	rcept_no=20250819000071
2026-02-27 00:15:36	024110	기업은행	sub_docs_error:ConnectionError	rcept_no=20250318001325
2026-02-27 00:15:37	074610	이엔플러스	sub_docs_error:ConnectionError	rcept_no=20250407004328
2026-02-27 00:15:39	025750	한솔홈데코	sub_docs_error:ConnectionError	rcept_no=20250311000946
2026-02-27 00:15:40	007660	이수페타시스	sub_docs_error:ConnectionError	rcept_no=20250321001007
2026-02-27 00:15:41	035250	강원랜드	sub_docs_error:ConnectionError	rcept_no=20250318001106
2026-02-27 00:15:42	037270	YG PLUS	sub_docs_error:ConnectionError	rcept_no=20250320001394
2026-02-27 00:15:44	072710	농심홀딩스	sub_docs_error:ConnectionError	rcept_no=20250814002854
2026-02-27 00:15:45	071050	한국금융지주	sub_docs_error:ConnectionError	rcept_no=20250320000910
2026-02-27 00:15:46	072130	유엔젤	sub_docs_error:ConnectionError	rcept_no=20250328001604
2026-02-27 00:15:47	034120	SBS	sub_docs_error:ConnectionError	rcept_no=20250320001108
2026-02-27 00:15:49	036570	엔씨소프트	sub_docs_error:ConnectionError	rcept_no=20250328002285
2026-02-27 00:15:50	071090	하이스틸	sub_docs_error:ConnectionError	rcept_no=20250312001033
2026-02-27 00:15:51	069730	DSR제강	sub_docs_error:ConnectionError	rcept_no=20250226005968
2026-02-27 00:15:52	006890	태경케미컬	sub_docs_error:ConnectionError	rcept_no=20250318000825
2026-02-27 00:15:53	011500	한농화성	sub_docs_error:ConnectionError	rcept_no=20250320000501
2026-02-27 00:15:55	069960	현대백화점	sub_docs_error:ConnectionError	rcept_no=20250318001045
2026-02-27 00:15:56	069460	대호에이엘	sub_docs_error:ConnectionError	rcept_no=20250711000353
2026-02-27 00:15:57	069620	대웅제약	sub_docs_error:ConnectionError	rcept_no=20250814004375
2026-02-27 00:15:58	027740	마니커	sub_docs_error:ConnectionError	rcept_no=20250324000626
2026-02-27 00:16:00	036530	SNT홀딩스	sub_docs_error:ConnectionError	rcept_no=20250220001567
2026-02-27 00:16:01	069260	티케이지휴켐스	sub_docs_error:ConnectionError	rcept_no=20250313001222
2026-02-27 00:16:02	033530	SJG세종	sub_docs_error:ConnectionError	rcept_no=20250317000672
2026-02-27 00:16:03	058430	포스코스틸리온	sub_docs_error:ConnectionError	rcept_no=20250408001924
2026-02-27 00:16:05	068290	삼성출판사	sub_docs_error:ConnectionError	rcept_no=20251114002511
2026-02-27 00:16:06	067830	세이브존I&C	sub_docs_error:ConnectionError	rcept_no=20250320000981
2026-02-27 00:16:07	030610	교보증권	sub_docs_error:ConnectionError	rcept_no=20250313000901
2026-02-27 00:16:08	009240	한샘	sub_docs_error:ConnectionError	rcept_no=20250313001195
2026-02-27 00:16:10	017370	우신시스템	sub_docs_error:ConnectionError	rcept_no=20250318000772
2026-02-27 00:16:11	066570	LG전자	sub_docs_error:ConnectionError	rcept_no=20250317001029
2026-02-27 00:16:12	024720	콜마홀딩스	sub_docs_error:ConnectionError	rcept_no=20250814004400
2026-02-27 00:16:13	064960	SNT모티브	sub_docs_error:ConnectionError	rcept_no=20250220001279
2026-02-27 00:16:15	037710	광주신세계	sub_docs_error:ConnectionError	rcept_no=20250313000495
2026-02-27 00:16:16	020760	일진디스플	sub_docs_error:ConnectionError	rcept_no=20250320000779
2026-02-27 00:16:17	060250	NHN KCP	sub_docs_error:ConnectionError	rcept_no=20250327000536
2026-02-27 00:16:18	063160	종근당바이오	sub_docs_error:ConnectionError	rcept_no=20250318001004
2026-02-27 00:16:20	054620	APS	sub_docs_error:ConnectionError	rcept_no=20250321001983
2026-02-27 00:16:21	055550	신한지주	sub_docs_error:ConnectionError	rcept_no=20250318000993
2026-02-27 00:16:22	021240	코웨이	sub_docs_error:ConnectionError	rcept_no=20250321001734
2026-02-27 00:16:23	058650	세아홀딩스	sub_docs_error:ConnectionError	rcept_no=20250314001645
2026-02-27 00:16:25	051900	LG생활건강	sub_docs_error:ConnectionError	rcept_no=20250317000790
2026-02-27 00:16:26	051910	LG화학	sub_docs_error:ConnectionError	rcept_no=20250731000339
2026-02-27 00:16:27	047040	대우건설	sub_docs_error:ConnectionError	rcept_no=20250813000868
2026-02-27 00:16:28	047050	포스코인터내셔널	sub_docs_error:ConnectionError	rcept_no=20250314001718
2026-02-27 00:16:29	042660	한화오션	sub_docs_error:ConnectionError	rcept_no=20250314001630
2026-02-27 00:16:31	051630	진양화학	sub_docs_error:ConnectionError	rcept_no=20250304000650
2026-02-27 00:16:32	034020	두산에너빌리티	sub_docs_error:ConnectionError	rcept_no=20250320001103
2026-02-27 00:16:33	010040	한국내화	sub_docs_error:ConnectionError	rcept_no=20250318000918
2026-02-27 00:16:34	042370	비츠로테크	sub_docs_error:ConnectionError	rcept_no=20250321001569
2026-02-27 00:16:36	041190	우리기술투자	sub_docs_error:ConnectionError	rcept_no=20250320000645
2026-02-27 00:16:37	016450	한세예스24홀딩스	sub_docs_error:ConnectionError	rcept_no=20250814003323
2026-02-27 00:16:38	016710	대성홀딩스	sub_docs_error:ConnectionError	rcept_no=20250320000999
2026-02-27 00:16:39	003220	대원제약	sub_docs_error:ConnectionError	rcept_no=20250320001537
2026-02-27 00:16:41	036460	한국가스공사	sub_docs_error:ConnectionError	rcept_no=20250325000742
2026-02-27 00:16:42	027830	대성창투	sub_docs_error:ConnectionError	rcept_no=20250319001089
2026-02-27 00:16:43	007120	미래아이앤지	sub_docs_error:ConnectionError	rcept_no=20250814002870
2026-02-27 00:16:44	000850	화천기공	sub_docs_error:ConnectionError	rcept_no=20250312000803
2026-02-27 00:16:46	036580	팜스코	sub_docs_error:ConnectionError	rcept_no=20250318001293
2026-02-27 00:16:47	033780	케이티앤지	sub_docs_error:ConnectionError	rcept_no=20250318001223
2026-02-27 00:16:48	009540	HD한국조선해양	sub_docs_error:ConnectionError	rcept_no=20250318001131
2026-02-27 00:16:49	024090	디씨엠	sub_docs_error:ConnectionError	rcept_no=20250718000228
2026-02-27 00:16:50	006840	AK홀딩스	sub_docs_error:ConnectionError	rcept_no=20250318001263
2026-02-27 00:16:52	035000	HS애드	sub_docs_error:ConnectionError	rcept_no=20250311001196
2026-02-27 00:16:53	006650	대한유화	sub_docs_error:ConnectionError	rcept_no=20250306000568
2026-02-27 00:16:54	035150	백산	sub_docs_error:ConnectionError	rcept_no=20250319000644
2026-02-27 00:16:55	033250	체시스	sub_docs_error:ConnectionError	rcept_no=20250321001138
2026-02-27 00:16:57	034810	해성산업	sub_docs_error:ConnectionError	rcept_no=20250321001630
2026-02-27 00:16:58	033240	자화전자	sub_docs_error:ConnectionError	rcept_no=20250320001727
2026-02-27 00:16:59	030200	케이티	sub_docs_error:ConnectionError	rcept_no=20250321001834
2026-02-27 00:17:00	019490	엑시큐어하이트론	sub_docs_error:ConnectionError	rcept_no=20250321001008
2026-02-27 00:17:02	030000	제일기획	sub_docs_error:ConnectionError	rcept_no=20250311000974
2026-02-27 00:17:03	026890	스틱인베스트먼트	sub_docs_error:ConnectionError	rcept_no=20250320001381
2026-02-27 00:17:04	029460	케이씨	sub_docs_error:ConnectionError	rcept_no=20250318001395
2026-02-27 00:17:05	024890	대원화성	sub_docs_error:ConnectionError	rcept_no=20250320001317
2026-02-27 00:17:07	017940	E1	sub_docs_error:ConnectionError	rcept_no=20250814000491
2026-02-27 00:17:08	018670	SK가스	sub_docs_error:ConnectionError	rcept_no=20250312000964
2026-02-27 00:17:09	023590	다우기술	sub_docs_error:ConnectionError	rcept_no=20250318001202
2026-02-27 00:17:10	014440	영보화학	sub_docs_error:ConnectionError	rcept_no=20250312000962
2026-02-27 00:17:12	011790	SKC	sub_docs_error:ConnectionError	rcept_no=20250318001448
2026-02-27 00:17:13	025890	한국주강	sub_docs_error:ConnectionError	rcept_no=20250319000402
2026-02-27 00:17:14	024900	디와이덕양	sub_docs_error:ConnectionError	rcept_no=20250317000666
2026-02-27 00:17:15	023960	에쓰씨엔지니어링	sub_docs_error:ConnectionError	rcept_no=20250326001145
2026-02-27 00:17:16	023800	인지컨트롤스	sub_docs_error:ConnectionError	rcept_no=20250328001677
2026-02-27 00:17:18	012320	경동인베스트	sub_docs_error:ConnectionError	rcept_no=20250320001376
2026-02-27 00:17:19	031820	아이티센씨티에스	sub_docs_error:ConnectionError	rcept_no=20250319001103
2026-02-27 00:17:20	025530	에스제이엠홀딩스	sub_docs_error:ConnectionError	rcept_no=20250320001596
2026-02-27 00:17:21	000660	SK하이닉스	sub_docs_error:ConnectionError	rcept_no=20250319000665
2026-02-27 00:17:23	015360	INVENI	sub_docs_error:ConnectionError	rcept_no=20250811000385
2026-02-27 00:17:24	023150	MH에탄올	sub_docs_error:ConnectionError	rcept_no=20250312000625
2026-02-27 00:17:25	023450	동남합성	sub_docs_error:ConnectionError	rcept_no=20250311000605
2026-02-27 00:17:26	028050	삼성E&A	sub_docs_error:ConnectionError	rcept_no=20250814003670
2026-02-27 00:17:27	029530	신도리코	sub_docs_error:ConnectionError	rcept_no=20250715000025
2026-02-27 00:17:29	005320	온타이드	sub_docs_error:ConnectionError	rcept_no=20250320000926
2026-02-27 00:17:30	016800	퍼시스	sub_docs_error:ConnectionError	rcept_no=20250814001419
2026-02-27 00:17:31	024070	WISCOM	sub_docs_error:ConnectionError	rcept_no=20250320000660
2026-02-27 00:17:32	030720	동원수산	sub_docs_error:ConnectionError	rcept_no=20250404003738
2026-02-27 00:17:34	025560	미래산업	sub_docs_error:ConnectionError	rcept_no=20250318001105
2026-02-27 00:17:35	030210	다올투자증권	sub_docs_error:ConnectionError	rcept_no=20250317000595
2026-02-27 00:17:36	012630	HDC	sub_docs_error:ConnectionError	rcept_no=20250812000713
2026-02-27 00:17:37	017900	광전자	sub_docs_error:ConnectionError	rcept_no=20250320000952
2026-02-27 00:17:38	025540	한국단자공업	sub_docs_error:ConnectionError	rcept_no=20250320000091
2026-02-27 00:17:40	021880	메이슨캐피탈	sub_docs_error:ConnectionError	rcept_no=20240619000040
2026-02-27 00:17:41	003160	디아이	sub_docs_error:ConnectionError	rcept_no=20250313001050
2026-02-27 00:17:42	011930	신성이엔지	sub_docs_error:ConnectionError	rcept_no=20250318001079
2026-02-27 00:17:43	019180	티에이치엔	sub_docs_error:ConnectionError	rcept_no=20250319001022
2026-02-27 00:17:45	018880	한온시스템	sub_docs_error:ConnectionError	rcept_no=20250321001829
2026-02-27 00:17:46	006740	블루산업개발	sub_docs_error:ConnectionError	rcept_no=20250411003513
2026-02-27 00:17:47	021820	세원정공	sub_docs_error:ConnectionError	rcept_no=20250808000388
2026-02-27 00:17:49	000910	유니온	sub_docs_error:ConnectionError	rcept_no=20250320001552
2026-02-27 00:17:50	020120	키다리스튜디오	sub_docs_error:ConnectionError	rcept_no=20250319000526
2026-02-27 00:17:51	027970	한국제지	sub_docs_error:ConnectionError	rcept_no=20250314001620
2026-02-27 00:17:52	020000	한섬	sub_docs_error:ConnectionError	rcept_no=20250829000928
2026-02-27 00:17:53	017800	현대엘리베이터	sub_docs_error:ConnectionError	rcept_no=20250318000920
2026-02-27 00:17:55	016580	환인제약	sub_docs_error:ConnectionError	rcept_no=20250813000488
2026-02-27 00:17:56	013580	계룡건설산업	sub_docs_error:ConnectionError	rcept_no=20250814001751
2026-02-27 00:17:57	021050	서원	sub_docs_error:ConnectionError	rcept_no=20250320001156
2026-02-27 00:17:58	012750	에스원	sub_docs_error:ConnectionError	rcept_no=20250312000984
2026-02-27 00:18:00	015890	태경산업	sub_docs_error:ConnectionError	rcept_no=20250321000898
2026-02-27 00:18:01	016590	신대양제지	sub_docs_error:ConnectionError	rcept_no=20250320001290
2026-02-27 00:18:02	011690	와이투솔루션	sub_docs_error:ConnectionError	rcept_no=20250319001127
2026-02-27 00:18:03	025860	남해화학	sub_docs_error:ConnectionError	rcept_no=20250320001558
2026-02-27 00:18:05	018500	동원금속	sub_docs_error:ConnectionError	rcept_no=20240619000177
2026-02-27 00:18:06	011300	성안머티리얼스	sub_docs_error:ConnectionError	rcept_no=20250320000581
2026-02-27 00:18:07	011200	HMM	sub_docs_error:ConnectionError	rcept_no=20250318000828
2026-02-27 00:18:08	012610	경인양행	sub_docs_error:ConnectionError	rcept_no=20250320000738
2026-02-27 00:18:10	017810	풀무원	sub_docs_error:ConnectionError	rcept_no=20250318001312
2026-02-27 00:18:11	017390	서울도시가스	sub_docs_error:ConnectionError	rcept_no=20250703000161
2026-02-27 00:18:12	025820	이구산업	sub_docs_error:ConnectionError	rcept_no=20250320000112
2026-02-27 00:18:13	011090	에넥스	sub_docs_error:ConnectionError	rcept_no=20250318001112
2026-02-27 00:18:15	007460	에이프로젠	sub_docs_error:ConnectionError	rcept_no=20250321001573
2026-02-27 00:18:16	025620	차AI헬스케어	sub_docs_error:ConnectionError	rcept_no=20250319000718
2026-02-27 00:18:17	017960	한국카본	sub_docs_error:ConnectionError	rcept_no=20250319000937
2026-02-27 00:18:18	025000	KPX케미칼	sub_docs_error:ConnectionError	rcept_no=20250313001177
2026-02-27 00:18:20	007980	TP	sub_docs_error:ConnectionError	rcept_no=20250319000833
2026-02-27 00:18:21	010580	에스엠벡셀	sub_docs_error:ConnectionError	rcept_no=20250320001174
2026-02-27 00:18:22	023760	한국캐피탈	sub_docs_error:ConnectionError	rcept_no=20250313001128
2026-02-27 00:18:23	009440	KC그린홀딩스	sub_docs_error:ConnectionError	rcept_no=20250320001565
2026-02-27 00:18:24	008420	문배철강	sub_docs_error:ConnectionError	rcept_no=20250708000057
2026-02-27 00:18:26	016880	웅진	sub_docs_error:ConnectionError	rcept_no=20250320001474
2026-02-27 00:18:27	014790	HL D&I	sub_docs_error:ConnectionError	rcept_no=20250317000836
2026-02-27 00:18:28	007310	오뚜기	sub_docs_error:ConnectionError	rcept_no=20250318000979
2026-02-27 00:18:29	008500	일정실업	sub_docs_error:ConnectionError	rcept_no=20250321000231
2026-02-27 00:18:31	010120	엘에스일렉트릭	sub_docs_error:ConnectionError	rcept_no=20250317000918
2026-02-27 00:18:32	009190	대양금속	sub_docs_error:ConnectionError	rcept_no=20250731000398
2026-02-27 00:18:33	000760	이화산업	sub_docs_error:ConnectionError	rcept_no=20250320000337
2026-02-27 00:18:34	014820	동원시스템즈	sub_docs_error:ConnectionError	rcept_no=20250318000868
2026-02-27 00:18:35	010140	삼성중공업	sub_docs_error:ConnectionError	rcept_no=20250319000397
2026-02-27 00:18:37	009680	모토닉	sub_docs_error:ConnectionError	rcept_no=20250313000748
2026-02-27 00:18:38	010690	화신	sub_docs_error:ConnectionError	rcept_no=20250317000376
2026-02-27 00:18:39	007330	푸른저축은행	sub_docs_error:ConnectionError	rcept_no=20250318000957
2026-02-27 00:18:40	000390	삼화페인트공업	sub_docs_error:ConnectionError	rcept_no=20250312000816
2026-02-27 00:18:42	009450	경동나비엔	sub_docs_error:ConnectionError	rcept_no=20250318000908
2026-02-27 00:18:43	016600	큐캐피탈	sub_docs_error:ConnectionError	rcept_no=20250318000977
2026-02-27 00:18:44	012030	DB	sub_docs_error:ConnectionError	rcept_no=20250320000879
2026-02-27 00:18:45	005090	SGC에너지	sub_docs_error:SSLError	rcept_no=20250312001090
2026-02-27 00:18:47	005750	대림바스	sub_docs_error:SSLError	rcept_no=20250321001769
2026-02-27 00:18:48	005880	대한해운	sub_docs_error:ConnectionError	rcept_no=20250320001093
2026-02-27 00:18:49	005870	휴니드테크놀러지스	sub_docs_error:ConnectionError	rcept_no=20250310000706
2026-02-27 00:18:50	017550	수산세보틱스	sub_docs_error:ConnectionError	rcept_no=20250321001765
2026-02-27 00:18:52	021080	에이티넘인베스트	sub_docs_error:ConnectionError	rcept_no=20250311001310
2026-02-27 00:18:53	011170	롯데케미칼	sub_docs_error:ConnectionError	rcept_no=20250725000806
2026-02-27 00:18:54	001430	세아베스틸지주	sub_docs_error:ConnectionError	rcept_no=20250318000465
2026-02-27 00:18:55	008770	호텔신라	sub_docs_error:ConnectionError	rcept_no=20250515002269
2026-02-27 00:18:56	014580	태경비케이	sub_docs_error:ConnectionError	rcept_no=20250320001058
2026-02-27 00:18:58	013520	화승코퍼레이션	sub_docs_error:ConnectionError	rcept_no=20250321001555
2026-02-27 00:18:59	004080	신흥	sub_docs_error:ConnectionError	rcept_no=20250320000945
2026-02-27 00:19:00	006060	화승인더스트리	sub_docs_error:ConnectionError	rcept_no=20250317000314
2026-02-27 00:19:01	014530	극동유화	sub_docs_error:ConnectionError	rcept_no=20250320001025
2026-02-27 00:19:03	002140	고려산업	sub_docs_error:ConnectionError	rcept_no=20250312000333
2026-02-27 00:19:04	016090	대현	sub_docs_error:ConnectionError	rcept_no=20250321001236
2026-02-27 00:19:05	001620	케이비아이동국실업	sub_docs_error:ConnectionError	rcept_no=20250319000773
2026-02-27 00:19:06	017040	광명전기	sub_docs_error:ConnectionError	rcept_no=20250814002376
2026-02-27 00:19:07	011390	부산산업	sub_docs_error:ConnectionError	rcept_no=20250320000250
2026-02-27 00:19:09	011810	STX	sub_docs_error:ConnectionError	rcept_no=20250320001714
2026-02-27 00:19:10	010130	고려아연	sub_docs_error:ConnectionError	rcept_no=20250331003521
2026-02-27 00:19:11	004720	팜젠사이언스	sub_docs_error:ConnectionError	rcept_no=20250321000584
2026-02-27 00:19:12	009200	무림페이퍼	sub_docs_error:ConnectionError	rcept_no=20250317000368
2026-02-27 00:19:14	001500	현대차증권	sub_docs_error:ConnectionError	rcept_no=20250814002660
2026-02-27 00:19:15	008870	금비	sub_docs_error:ConnectionError	rcept_no=20241219000451
2026-02-27 00:19:16	008110	대동전자	sub_docs_error:ConnectionError	rcept_no=20240618000424
2026-02-27 00:19:17	005820	원림	sub_docs_error:ConnectionError	rcept_no=20250321000993
2026-02-27 00:19:19	008490	서흥	sub_docs_error:ConnectionError	rcept_no=20250320000847
2026-02-27 00:19:20	014910	성문전자	sub_docs_error:ConnectionError	rcept_no=20250320000385
2026-02-27 00:19:21	003580	HLB글로벌	sub_docs_error:ConnectionError	rcept_no=20250319000687
2026-02-27 00:19:22	015860	일진홀딩스	sub_docs_error:ConnectionError	rcept_no=20250328001256
2026-02-27 00:19:24	014160	대영포장	sub_docs_error:ConnectionError	rcept_no=20250320001314
2026-02-27 00:19:25	012280	영화금속	sub_docs_error:ConnectionError	rcept_no=20250318000559
2026-02-27 00:19:26	019170	신풍제약	sub_docs_error:ConnectionError	rcept_no=20250814002067
2026-02-27 00:19:27	002210	동성제약	sub_docs_error:ConnectionError	rcept_no=20250321001375
2026-02-27 00:19:29	012170	아센디오	sub_docs_error:ConnectionError	rcept_no=20250321000735
2026-02-27 00:19:30	009420	한올바이오파마	sub_docs_error:ConnectionError	rcept_no=20250318000750
2026-02-27 00:19:31	011330	유니켐	sub_docs_error:ConnectionError	rcept_no=20250807000215
2026-02-27 00:19:32	012800	대창	sub_docs_error:ConnectionError	rcept_no=20250318001233
2026-02-27 00:19:33	013360	일성건설	sub_docs_error:ConnectionError	rcept_no=20250808000499
2026-02-27 00:19:35	013700	까뮤이앤씨	sub_docs_error:ConnectionError	rcept_no=20250321001470
2026-02-27 00:19:36	002760	보락	sub_docs_error:ConnectionError	rcept_no=20250321000822
2026-02-27 00:19:37	007610	선도전기	sub_docs_error:ConnectionError	rcept_no=20250926000794
2026-02-27 00:19:38	004920	씨아이테크	sub_docs_error:ConnectionError	rcept_no=20250321000753
2026-02-27 00:19:40	009290	광동제약	sub_docs_error:ConnectionError	rcept_no=20250325000803
2026-02-27 00:19:41	011420	갤럭시아에스엠	sub_docs_error:ConnectionError	rcept_no=20250814002546
2026-02-27 00:19:42	004270	남성	sub_docs_error:ConnectionError	rcept_no=20250319000945
2026-02-27 00:19:43	001940	KISCO홀딩스	sub_docs_error:ConnectionError	rcept_no=20250320001326
2026-02-27 00:19:45	009410	태영건설	sub_docs_error:ConnectionError	rcept_no=20250814003344
2026-02-27 00:19:46	007280	한국특강	sub_docs_error:ConnectionError	rcept_no=20250321001284
2026-02-27 00:19:47	009180	한솔로지스틱스	sub_docs_error:ConnectionError	rcept_no=20250311001053
2026-02-27 00:19:48	002170	삼양통상	sub_docs_error:ConnectionError	rcept_no=20250321001357
2026-02-27 00:19:50	017670	SK텔레콤	sub_docs_error:ConnectionError	rcept_no=20250317000684
2026-02-27 00:19:51	010640	진양폴리우레탄	sub_docs_error:ConnectionError	rcept_no=20250228006453
2026-02-27 00:19:52	003650	미창석유공업	sub_docs_error:ConnectionError	rcept_no=20250321001415
2026-02-27 00:19:53	004380	삼익THK	sub_docs_error:ConnectionError	rcept_no=20250313001328
2026-02-27 00:19:55	002840	미원상사	sub_docs_error:ConnectionError	rcept_no=20250317000651
2026-02-27 00:19:56	007860	서연	sub_docs_error:ConnectionError	rcept_no=20250318001318
2026-02-27 00:19:57	019550	SBI인베스트먼트	sub_docs_error:ConnectionError	rcept_no=20250319000401
2026-02-27 00:19:58	013000	세우글로벌	sub_docs_error:ConnectionError	rcept_no=20250321001830
2026-02-27 00:19:59	012330	현대모비스	sub_docs_error:ConnectionError	rcept_no=20250311001180
2026-02-27 00:20:01	001390	KG케미칼	sub_docs_error:ConnectionError	rcept_no=20250814004193
2026-02-27 00:20:02	009320	아진전자부품	sub_docs_error:ConnectionError	rcept_no=20250321001016
2026-02-27 00:20:03	001450	현대해상	sub_docs_error:ConnectionError	rcept_no=20250407001731
2026-02-27 00:20:04	005440	현대지에프홀딩스	sub_docs_error:ConnectionError	rcept_no=20250829000910
2026-02-27 00:20:06	015760	한국전력공사	sub_docs_error:ConnectionError	rcept_no=20250318000747
2026-02-27 00:20:07	007690	국도화학	sub_docs_error:ConnectionError	rcept_no=20250321001221
2026-02-27 00:20:08	006280	녹십자	sub_docs_error:ConnectionError	rcept_no=20250318001288
2026-02-27 00:20:10	009160	SIMPAC	sub_docs_error:ConnectionError	rcept_no=20250814003101
2026-02-27 00:20:11	008600	윌비스	sub_docs_error:ConnectionError	rcept_no=20250327001289
2026-02-27 00:20:12	015230	대창단조	sub_docs_error:ConnectionError	rcept_no=20250320000634
2026-02-27 00:20:13	007160	사조산업	sub_docs_error:ConnectionError	rcept_no=20250312000903
2026-02-27 00:20:15	014130	한익스프레스	sub_docs_error:ConnectionError	rcept_no=20250319000814
2026-02-27 00:20:16	008040	사조동아원	sub_docs_error:ConnectionError	rcept_no=20250312000522
2026-02-27 00:20:17	009140	경인전자	sub_docs_error:ConnectionError	rcept_no=20250312000686
2026-02-27 00:20:18	009580	무림P&P	sub_docs_error:ConnectionError	rcept_no=20250314001672
2026-02-27 00:20:20	014990	인디에프	sub_docs_error:ConnectionError	rcept_no=20250320001282
2026-02-27 00:20:21	013570	디와이	sub_docs_error:ConnectionError	rcept_no=20250312001047
2026-02-27 00:20:22	003610	방림	sub_docs_error:ConnectionError	rcept_no=20241219000406
2026-02-27 00:20:23	015590	DKME	sub_docs_error:ConnectionError	rcept_no=20250812000680
2026-02-27 00:20:25	014680	한솔케미칼	sub_docs_error:ConnectionError	rcept_no=20250310000865
2026-02-27 00:20:26	010820	퍼스텍	sub_docs_error:ConnectionError	rcept_no=20250312000567
2026-02-27 00:20:27	019570	플루토스	sub_docs_error:ConnectionError	rcept_no=20250814002407
2026-02-27 00:20:28	006040	동원산업	sub_docs_error:ConnectionError	rcept_no=20250318001125
2026-02-27 00:20:30	008060	대덕	sub_docs_error:ConnectionError	rcept_no=20250320001383
2026-02-27 00:20:31	003680	한성기업	sub_docs_error:ConnectionError	rcept_no=20250318001322
2026-02-27 00:20:32	015020	이스타코	sub_docs_error:ConnectionError	rcept_no=20250320000234
2026-02-27 00:20:34	011280	태림포장	sub_docs_error:ConnectionError	rcept_no=20250327000507
2026-02-27 00:20:35	002310	아세아제지	sub_docs_error:ConnectionError	rcept_no=20250312000916
2026-02-27 00:20:36	010660	화천기계	sub_docs_error:ConnectionError	rcept_no=20250814002772
2026-02-27 00:20:37	011150	CJ씨푸드	sub_docs_error:ConnectionError	rcept_no=20250317000808
2026-02-27 00:20:39	001770	SHD	sub_docs_error:ConnectionError	rcept_no=20250318000112
2026-02-27 00:20:40	018470	조일알미늄	sub_docs_error:ConnectionError	rcept_no=20250313000809
2026-02-27 00:20:41	005850	에스엘	sub_docs_error:ConnectionError	rcept_no=20250318000826
2026-02-27 00:20:42	009970	영원무역홀딩스	sub_docs_error:ConnectionError	rcept_no=20250321001884
2026-02-27 00:20:43	012510	더존비즈온	sub_docs_error:ConnectionError	rcept_no=20250317001028
2026-02-27 00:20:45	003850	보령	sub_docs_error:ConnectionError	rcept_no=20250320001237
2026-02-27 00:20:46	008250	이건산업	sub_docs_error:ConnectionError	rcept_no=20250321001836
2026-02-27 00:20:47	012690	모나리자	sub_docs_error:ConnectionError	rcept_no=20250314001404
2026-02-27 00:20:48	006370	대구백화점	sub_docs_error:ConnectionError	rcept_no=20250321000349
2026-02-27 00:20:50	006980	우성	sub_docs_error:ConnectionError	rcept_no=20250814003765
2026-02-27 00:20:51	002920	유성기업	sub_docs_error:ConnectionError	rcept_no=20250317000557
2026-02-27 00:20:52	002220	한일철강	sub_docs_error:ConnectionError	rcept_no=20250715000144
2026-02-27 00:20:53	002450	삼익악기	sub_docs_error:ConnectionError	rcept_no=20250710000455
2026-02-27 00:20:54	002460	HS화성	sub_docs_error:ConnectionError	rcept_no=20250320001481
2026-02-27 00:20:56	007340	DN오토모티브	sub_docs_error:ConnectionError	rcept_no=20250313001452
2026-02-27 00:20:57	000890	보해양조	sub_docs_error:ConnectionError	rcept_no=20250318001002
2026-02-27 00:20:58	001290	상상인증권	sub_docs_error:ConnectionError	rcept_no=20250318001083
2026-02-27 00:20:59	003010	혜인	sub_docs_error:ConnectionError	rcept_no=20250804000178
2026-02-27 00:21:01	014280	금강공업	sub_docs_error:ConnectionError	rcept_no=20250319000431
2026-02-27 00:21:02	009810	플레이그램	sub_docs_error:ConnectionError	rcept_no=20250320001095
2026-02-27 00:21:03	008730	율촌화학	sub_docs_error:ConnectionError	rcept_no=20250317000659
2026-02-27 00:21:05	009270	신원	sub_docs_error:ConnectionError	rcept_no=20250814002561
2026-02-27 00:21:06	004140	동방	sub_docs_error:ConnectionError	rcept_no=20250320001398
2026-02-27 00:21:07	002960	한국쉘석유	sub_docs_error:ConnectionError	rcept_no=20250320000876
2026-02-27 00:21:09	003000	부광약품	sub_docs_error:ConnectionError	rcept_no=20250318000877
2026-02-27 00:21:10	005810	풍산홀딩스	sub_docs_error:ConnectionError	rcept_no=20250313001387
2026-02-27 00:21:11	001270	부국증권	sub_docs_error:ConnectionError	rcept_no=20250813001187
2026-02-27 00:21:12	012200	계양전기	sub_docs_error:ConnectionError	rcept_no=20250314001765
2026-02-27 00:21:14	004710	한솔테크닉스	sub_docs_error:ConnectionError	rcept_no=20250311001184
2026-02-27 00:21:15	016610	DB증권	sub_docs_error:ConnectionError	rcept_no=20250317000605
2026-02-27 00:21:16	008930	한미사이언스	sub_docs_error:ConnectionError	rcept_no=20250318001281
2026-02-27 00:21:17	005500	삼진제약	sub_docs_error:ConnectionError	rcept_no=20250313001200
2026-02-27 00:21:19	005490	POSCO홀딩스	sub_docs_error:ConnectionError	rcept_no=20250312001016
2026-02-27 00:21:20	002410	범양건영	sub_docs_error:ConnectionError	rcept_no=20250814003868
2026-02-27 00:21:21	005690	파미셀	sub_docs_error:ConnectionError	rcept_no=20250813000184
2026-02-27 00:21:23	001230	동국홀딩스	sub_docs_error:ConnectionError	rcept_no=20250318001457
2026-02-27 00:21:24	006340	대원전선	sub_docs_error:ConnectionError	rcept_no=20250313000035
2026-02-27 00:21:25	005950	이수화학	sub_docs_error:ConnectionError	rcept_no=20250814003414
2026-02-27 00:21:27	016360	삼성증권	sub_docs_error:ConnectionError	rcept_no=20250306000628
2026-02-27 00:21:28	002810	삼영무역	sub_docs_error:ConnectionError	rcept_no=20250318000675
2026-02-27 00:21:29	001750	한양증권	sub_docs_error:ConnectionError	rcept_no=20250321001966
2026-02-27 00:21:31	011780	금호석유화학	sub_docs_error:ConnectionError	rcept_no=20250317000810
2026-02-27 00:21:32	003470	유안타증권	sub_docs_error:ConnectionError	rcept_no=20250313000247
2026-02-27 00:21:33	002620	제일파마홀딩스	sub_docs_error:ConnectionError	rcept_no=20250317000710
2026-02-27 00:21:34	015260	에이엔피	sub_docs_error:ConnectionError	rcept_no=20250321001897
2026-02-27 00:21:36	009460	한창제지	sub_docs_error:ConnectionError	rcept_no=20250318001122
2026-02-27 00:21:37	005720	넥센	sub_docs_error:ConnectionError	rcept_no=20250318000857
2026-02-27 00:21:38	006660	삼성공조	sub_docs_error:ConnectionError	rcept_no=20250320001319
2026-02-27 00:21:40	004490	세방전지	sub_docs_error:ConnectionError	rcept_no=20250312000986
2026-02-27 00:21:41	011000	진원생명과학	sub_docs_error:ConnectionError	rcept_no=20250814002621
2026-02-27 00:21:42	009310	참엔지니어링	sub_docs_error:ConnectionError	rcept_no=20250318000654
2026-02-27 00:21:43	010100	한국무브넥스	sub_docs_error:ConnectionError	rcept_no=20250318000552
2026-02-27 00:21:44	005070	코스모신소재	sub_docs_error:ConnectionError	rcept_no=20250314000812
2026-02-27 00:21:46	004830	덕성	sub_docs_error:ConnectionError	rcept_no=20250317000503
2026-02-27 00:21:47	001720	신영증권	sub_docs_error:ConnectionError	rcept_no=20240612000337
2026-02-27 00:21:48	001200	유진증권	sub_docs_error:ConnectionError	rcept_no=20250318000789
2026-02-27 00:21:49	003460	유화증권	sub_docs_error:ConnectionError	rcept_no=20250814002278
2026-02-27 00:21:51	011700	한신기계공업	sub_docs_error:ConnectionError	rcept_no=20251107000545
2026-02-27 00:21:52	005420	코스모화학	sub_docs_error:ConnectionError	rcept_no=20250318000926
2026-02-27 00:21:53	000500	가온전선	sub_docs_error:ConnectionError	rcept_no=20250320000299
2026-02-27 00:21:54	010950	S-Oil	sub_docs_error:ConnectionError	rcept_no=20250319000503
2026-02-27 00:21:56	012450	한화에어로스페이스	sub_docs_error:ConnectionError	rcept_no=20250317000990
2026-02-27 00:21:57	011230	삼화전자공업	sub_docs_error:ConnectionError	rcept_no=20250313000955
2026-02-27 00:21:58	004020	현대제철	sub_docs_error:ConnectionError	rcept_no=20250317000668
2026-02-27 00:22:00	004770	써니전자	sub_docs_error:ConnectionError	rcept_no=20250317000934
2026-02-27 00:22:01	004560	현대비앤지스틸	sub_docs_error:ConnectionError	rcept_no=20250321001499
2026-02-27 00:22:02	006090	사조오양	sub_docs_error:ConnectionError	rcept_no=20250703000352
2026-02-27 00:22:04	003530	한화투자증권	sub_docs_error:ConnectionError	rcept_no=20250311001013
2026-02-27 00:22:05	009470	삼화전기	sub_docs_error:ConnectionError	rcept_no=20250313000817
2026-02-27 00:22:06	001510	SK증권	sub_docs_error:ConnectionError	rcept_no=20250319001113
2026-02-27 00:22:07	010770	평화홀딩스	sub_docs_error:ConnectionError	rcept_no=20250317000760
2026-02-27 00:22:09	007110	일신석재	sub_docs_error:ConnectionError	rcept_no=20250320001261
2026-02-27 00:22:10	016380	KG스틸	sub_docs_error:ConnectionError	rcept_no=20250318001327
2026-02-27 00:22:11	010780	아이에스동서	sub_docs_error:ConnectionError	rcept_no=20250319001050
2026-02-27 00:22:12	002360	SH에너지화학	sub_docs_error:ConnectionError	rcept_no=20250320000777
2026-02-27 00:22:14	003830	대한화섬	sub_docs_error:ConnectionError	rcept_no=20250814002004
2026-02-27 00:22:15	007810	코리아써키트	sub_docs_error:ConnectionError	rcept_no=20250320001351
2026-02-27 00:22:16	004170	신세계	sub_docs_error:ConnectionError	rcept_no=20250312001128
2026-02-27 00:22:17	010060	OCI홀딩스	sub_docs_error:ConnectionError	rcept_no=20250318001243
2026-02-27 00:22:19	000520	삼일제약	sub_docs_error:ConnectionError	rcept_no=20250328001724
2026-02-27 00:22:20	006490	인스코비	sub_docs_error:ConnectionError	rcept_no=20250321001886
2026-02-27 00:22:21	003120	일성아이에스	sub_docs_error:ConnectionError	rcept_no=20250814002850
2026-02-27 00:22:22	000720	현대건설	sub_docs_error:ConnectionError	rcept_no=20251017000151
2026-02-27 00:22:24	002710	TCC스틸	sub_docs_error:ConnectionError	rcept_no=20250319000643
2026-02-27 00:22:25	003060	에이프로젠바이오로직스	sub_docs_error:ConnectionError	rcept_no=20250314001189
2026-02-27 00:22:26	007700	F&F 홀딩스	sub_docs_error:ConnectionError	rcept_no=20250318000985
2026-02-27 00:22:27	008700	아남전자	sub_docs_error:ConnectionError	rcept_no=20250326000254
2026-02-27 00:22:29	006360	GS건설	sub_docs_error:ConnectionError	rcept_no=20250813000906
2026-02-27 00:22:30	006110	삼아알미늄	sub_docs_error:ConnectionError	rcept_no=20250313001287
2026-02-27 00:22:31	006200	한국전자홀딩스	sub_docs_error:ConnectionError	rcept_no=20250319001004
2026-02-27 00:22:32	006400	삼성SDI	sub_docs_error:ConnectionError	rcept_no=20250311001275
2026-02-27 00:22:34	009150	삼성전기	sub_docs_error:ConnectionError	rcept_no=20250311001190
2026-02-27 00:22:35	005960	동부건설	sub_docs_error:ConnectionError	rcept_no=20250812000691
2026-02-27 00:22:36	009070	케이씨티시	sub_docs_error:ConnectionError	rcept_no=20250313001313
2026-02-27 00:22:37	003070	코오롱글로벌	sub_docs_error:ConnectionError	rcept_no=20250814003343
2026-02-27 00:22:39	005180	빙그레	sub_docs_error:ConnectionError	rcept_no=20250312000859
2026-02-27 00:22:40	005250	녹십자홀딩스	sub_docs_error:ConnectionError	rcept_no=20250318001422
2026-02-27 00:22:41	000480	시알홀딩스	sub_docs_error:ConnectionError	rcept_no=20250311001197
2026-02-27 00:22:42	004310	현대약품	sub_docs_error:ConnectionError	rcept_no=20250219001662
2026-02-27 00:22:44	003920	남양유업	sub_docs_error:ConnectionError	rcept_no=20250328000090
2026-02-27 00:22:45	008350	남선알미늄	sub_docs_error:ConnectionError	rcept_no=20250320001238
2026-02-27 00:22:46	003350	한국화장품제조	sub_docs_error:ConnectionError	rcept_no=20250814003121
2026-02-27 00:22:47	011760	현대코퍼레이션	sub_docs_error:ConnectionError	rcept_no=20250324000696
2026-02-27 00:22:49	006260	LS	sub_docs_error:ConnectionError	rcept_no=20250814002856
2026-02-27 00:22:50	001740	SK네트웍스	sub_docs_error:ConnectionError	rcept_no=20250318000975
2026-02-27 00:22:51	002100	경농	sub_docs_error:ConnectionError	rcept_no=20250317000859
2026-02-27 00:22:52	004870	티웨이홀딩스	sub_docs_error:ConnectionError	rcept_no=20250321001276
2026-02-27 00:22:54	007590	동방아그로	sub_docs_error:ConnectionError	rcept_no=20250313000657
2026-02-27 00:22:55	004430	송원산업	sub_docs_error:ConnectionError	rcept_no=20250311000263
2026-02-27 00:22:56	002780	진흥기업	sub_docs_error:ConnectionError	rcept_no=20250331002970
2026-02-27 00:22:57	004090	한국석유공업	sub_docs_error:ConnectionError	rcept_no=20250320000921
2026-02-27 00:22:59	000650	천일고속	sub_docs_error:ConnectionError	rcept_no=20250320001184
2026-02-27 00:23:00	000430	대원강업	sub_docs_error:ConnectionError	rcept_no=20250814001679
2026-02-27 00:23:01	001080	만호제강	sub_docs_error:ConnectionError	rcept_no=20250930000631
2026-02-27 00:23:02	004700	조광피혁	sub_docs_error:ConnectionError	rcept_no=20250814000431
2026-02-27 00:23:04	004360	세방	sub_docs_error:ConnectionError	rcept_no=20250814002055
2026-02-27 00:23:05	008970	KBI동양철관	sub_docs_error:ConnectionError	rcept_no=20250317000788
2026-02-27 00:23:06	002880	대유에이텍	sub_docs_error:ConnectionError	rcept_no=20250317000599
2026-02-27 00:23:07	001260	남광토건	sub_docs_error:ConnectionError	rcept_no=20250814001709
2026-02-27 00:23:08	005680	삼영전자공업	sub_docs_error:ConnectionError	rcept_no=20250320001464
2026-02-27 00:23:10	005800	신영와코루	sub_docs_error:ConnectionError	rcept_no=20250313000876
2026-02-27 00:23:11	002630	오리엔트바이오	sub_docs_error:ConnectionError	rcept_no=20240620000211
2026-02-27 00:23:12	001550	조비	sub_docs_error:ConnectionError	rcept_no=20250317000781
2026-02-27 00:23:13	005430	한국공항	sub_docs_error:ConnectionError	rcept_no=20250318000741
2026-02-27 00:23:15	004910	조광페인트	sub_docs_error:ConnectionError	rcept_no=20250811000086
2026-02-27 00:23:16	003080	SB성보	sub_docs_error:ConnectionError	rcept_no=20250318000798
2026-02-27 00:23:17	004690	삼천리	sub_docs_error:ConnectionError	rcept_no=20250813001129
2026-02-27 00:23:19	002600	조흥	sub_docs_error:ConnectionError	rcept_no=20250312000526
2026-02-27 00:23:20	001570	금양	sub_docs_error:ConnectionError	rcept_no=20250321001823
2026-02-27 00:23:21	003960	사조대림	sub_docs_error:ConnectionError	rcept_no=20250312000891
2026-02-27 00:23:22	002070	비비안	sub_docs_error:ConnectionError	rcept_no=20250321001351
2026-02-27 00:23:24	003570	SNT다이내믹스	sub_docs_error:ConnectionError	rcept_no=20250220001259
2026-02-27 00:23:25	004960	한신공영	sub_docs_error:ConnectionError	rcept_no=20250814002318
2026-02-27 00:23:26	004370	농심	sub_docs_error:ConnectionError	rcept_no=20250312000711
2026-02-27 00:23:27	003720	삼영	sub_docs_error:ConnectionError	rcept_no=20250320000750
2026-02-27 00:23:28	004980	성신양회	sub_docs_error:ConnectionError	rcept_no=20250312000954
2026-02-27 00:23:30	004970	신라교역	sub_docs_error:ConnectionError	rcept_no=20250515002241
2026-02-27 00:23:31	002870	신풍	sub_docs_error:ConnectionError	rcept_no=20250813000090
2026-02-27 00:23:32	001630	종근당홀딩스	sub_docs_error:ConnectionError	rcept_no=20250318001235
2026-02-27 00:23:33	005740	크라운해태홀딩스	sub_docs_error:ConnectionError	rcept_no=20250320000950
2026-02-27 00:23:34	002390	한독	sub_docs_error:ConnectionError	rcept_no=20250312000222
2026-02-27 00:23:36	001380	SG글로벌	sub_docs_error:ConnectionError	rcept_no=20250319000355
2026-02-27 00:23:37	006120	SK디스커버리	sub_docs_error:ConnectionError	rcept_no=20250318001277
2026-02-27 00:23:38	007540	샘표	sub_docs_error:ConnectionError	rcept_no=20250814000253
2026-02-27 00:23:39	003280	흥아해운	sub_docs_error:ConnectionError	rcept_no=20250317000787
2026-02-27 00:23:41	001250	GS글로벌	sub_docs_error:ConnectionError	rcept_no=20250318001328
2026-02-27 00:23:42	002990	금호건설	sub_docs_error:ConnectionError	rcept_no=20250814001090
2026-02-27 00:23:43	001470	삼부토건	sub_docs_error:ConnectionError	rcept_no=20250814002051
2026-02-27 00:23:44	001820	삼화콘덴서공업	sub_docs_error:ConnectionError	rcept_no=20250313000953
2026-02-27 00:23:45	001020	페이퍼코리아	sub_docs_error:ConnectionError	rcept_no=20250320001403
2026-02-27 00:23:47	001520	동양	sub_docs_error:ConnectionError	rcept_no=20250814004295
2026-02-27 00:23:48	000880	한화	sub_docs_error:ConnectionError	rcept_no=20251218000270
2026-02-27 00:23:49	001060	JW중외제약	sub_docs_error:ConnectionError	rcept_no=20250318001192
2026-02-27 00:23:51	000670	영풍	sub_docs_error:ConnectionError	rcept_no=20250401003228
2026-02-27 00:23:52	001340	PKC	sub_docs_error:ConnectionError	rcept_no=20250318001326
2026-02-27 00:23:53	000180	성창기업지주	sub_docs_error:ConnectionError	rcept_no=20250317000553
2026-02-27 00:23:54	005110	한창	sub_docs_error:ConnectionError	rcept_no=20250801000425
2026-02-27 00:23:56	004450	삼화왕관	sub_docs_error:ConnectionError	rcept_no=20250320000947
2026-02-27 00:23:57	000040	KR모터스	sub_docs_error:ConnectionError	rcept_no=20250319000576
2026-02-27 00:23:58	002240	고려제강	sub_docs_error:ConnectionError	rcept_no=20250515002790
2026-02-27 00:24:00	004100	태양금속공업	sub_docs_error:ConnectionError	rcept_no=20250317000712
2026-02-27 00:24:01	002820	SUN&L	sub_docs_error:ConnectionError	rcept_no=20250321001205
2026-02-27 00:24:02	004840	DRB동일	sub_docs_error:ConnectionError	rcept_no=20250313000850
2026-02-27 00:24:03	002350	넥센타이어	sub_docs_error:ConnectionError	rcept_no=20250318001449
2026-02-27 00:24:04	004060	SG세계물산	sub_docs_error:ConnectionError	rcept_no=20250318000626
2026-02-27 00:24:06	004000	롯데정밀화학	sub_docs_error:ConnectionError	rcept_no=20250327000664
2026-02-27 00:24:07	000020	동화약품	sub_docs_error:ConnectionError	rcept_no=20250318000739
2026-02-27 00:24:08	000210	DL	sub_docs_error:ConnectionError	rcept_no=20250317000751
2026-02-27 00:24:09	001120	LX인터내셔널	sub_docs_error:ConnectionError	rcept_no=20250320000626
2026-02-27 00:24:11	002720	국제약품	sub_docs_error:ConnectionError	rcept_no=20250320000780
2026-02-27 00:24:12	003240	태광산업	sub_docs_error:ConnectionError	rcept_no=20250814001448
2026-02-27 00:24:13	005030	부산주공	sub_docs_error:ConnectionError	rcept_no=20250521000343
2026-02-27 00:24:14	000590	CS홀딩스	sub_docs_error:ConnectionError	rcept_no=20250321001425
2026-02-27 00:24:16	000990	DB하이텍	sub_docs_error:ConnectionError	rcept_no=20250312001130
2026-02-27 00:24:17	006570	대림통상	sub_docs_error:ConnectionError	rcept_no=20250320001663
2026-02-27 00:24:18	000220	유유제약	sub_docs_error:ConnectionError	rcept_no=20250319000817
2026-02-27 00:24:19	000860	강남제비스코	sub_docs_error:ConnectionError	rcept_no=20250318001036
2026-02-27 00:24:21	003540	대신증권	sub_docs_error:ConnectionError	rcept_no=20250813001479
2026-02-27 00:24:22	005940	NH투자증권	sub_docs_error:ConnectionError	rcept_no=20250313000770
2026-02-27 00:24:24	006800	미래에셋증권	sub_docs_error:ConnectionError	rcept_no=20250814004060
2026-02-27 00:24:25	002700	신일전자	sub_docs_error:ConnectionError	rcept_no=20250320000612
2026-02-27 00:24:26	001360	삼성제약	sub_docs_error:ConnectionError	rcept_no=20250814003559
2026-02-27 00:24:27	000810	삼성화재해상보험	sub_docs_error:ConnectionError	rcept_no=20250328001868
2026-02-27 00:24:28	003230	삼양식품	sub_docs_error:ConnectionError	rcept_no=20250318001186
2026-02-27 00:24:30	000370	한화손해보험	sub_docs_error:ConnectionError	rcept_no=20250331003267
2026-02-27 00:24:31	008260	NI스틸	sub_docs_error:ConnectionError	rcept_no=20250313000820
2026-02-27 00:24:32	000230	일동홀딩스	sub_docs_error:ConnectionError	rcept_no=20250318001009
2026-02-27 00:24:33	000490	대동	sub_docs_error:ConnectionError	rcept_no=20250318001356
2026-02-27 00:24:35	001800	오리온홀딩스	sub_docs_error:ConnectionError	rcept_no=20250318000980
2026-02-27 00:24:36	004540	깨끗한나라	sub_docs_error:ConnectionError	rcept_no=20250320000849
2026-02-27 00:24:37	001420	태원물산	sub_docs_error:ConnectionError	rcept_no=20250320001049
2026-02-27 00:24:38	002020	코오롱	sub_docs_error:ConnectionError	rcept_no=20250318001402
2026-02-27 00:24:40	005930	삼성전자	sub_docs_error:ConnectionError	rcept_no=20250311001085
2026-02-27 00:24:41	000300	DH오토넥스	sub_docs_error:ConnectionError	rcept_no=20250604000001
2026-02-27 00:24:42	001460	BYC	sub_docs_error:ConnectionError	rcept_no=20250320001026
2026-02-27 00:24:43	003620	KG모빌리티	sub_docs_error:ConnectionError	rcept_no=20250318000528
2026-02-27 00:24:45	005610	SPC삼립	sub_docs_error:ConnectionError	rcept_no=20250318001175
2026-02-27 00:24:46	000540	흥국화재	sub_docs_error:ConnectionError	rcept_no=20250320001444
2026-02-27 00:24:47	007570	일양약품	sub_docs_error:ConnectionError	rcept_no=20250327001173
2026-02-27 00:24:48	002320	한진	sub_docs_error:ConnectionError	rcept_no=20250317000904
2026-02-27 00:24:50	002200	한국수출포장공업	sub_docs_error:ConnectionError	rcept_no=20250312000675
2026-02-27 00:24:51	005380	현대자동차	sub_docs_error:ConnectionError	rcept_no=20250312001148
2026-02-27 00:24:52	005360	모나미	sub_docs_error:ConnectionError	rcept_no=20250321000631
2026-02-27 00:24:53	009830	한화솔루션	sub_docs_error:ConnectionError	rcept_no=20250317001024
2026-02-27 00:24:55	002030	아세아	sub_docs_error:ConnectionError	rcept_no=20250312000788
2026-02-27 00:24:56	006380	카프로	sub_docs_error:ConnectionError	rcept_no=20250327000323
2026-02-27 00:24:57	004990	롯데지주	sub_docs_error:ConnectionError	rcept_no=20250620000111
2026-02-27 00:24:58	001070	대한방직	sub_docs_error:ConnectionError	rcept_no=20250814002484
2026-02-27 00:25:00	004410	서울식품공업	sub_docs_error:ConnectionError	rcept_no=20250320000850
2026-02-27 00:25:01	000680	LS네트웍스	sub_docs_error:ConnectionError	rcept_no=20250325000971
2026-02-27 00:25:02	001210	금호전기	sub_docs_error:ConnectionError	rcept_no=20250318000723
2026-02-27 00:25:03	000140	하이트진로홀딩스	sub_docs_error:ConnectionError	rcept_no=20250320000510
2026-02-27 00:25:05	000320	노루홀딩스	sub_docs_error:ConnectionError	rcept_no=20250814002541
2026-02-27 00:25:06	000270	기아	sub_docs_error:ConnectionError	rcept_no=20250313001390
2026-02-27 00:25:07	004800	효성	sub_docs_error:ConnectionError	rcept_no=20250313001006
2026-02-27 00:25:08	001040	CJ	sub_docs_error:ConnectionError	rcept_no=20250325000721
2026-02-27 00:25:09	000150	두산	sub_docs_error:ConnectionError	rcept_no=20250814002379
2026-02-27 00:25:11	005010	휴스틸	sub_docs_error:ConnectionError	rcept_no=20250318001178
2026-02-27 00:25:12	005830	DB손해보험	sub_docs_error:ConnectionError	rcept_no=20250814003767
2026-02-27 00:25:13	002900	TYM	sub_docs_error:ConnectionError	rcept_no=20250319000651
2026-02-27 00:25:14	003090	대웅	sub_docs_error:ConnectionError	rcept_no=20250814004337
2026-02-27 00:25:16	003780	진양산업	sub_docs_error:ConnectionError	rcept_no=20250305000675
2026-02-27 00:25:17	003520	영진약품	sub_docs_error:ConnectionError	rcept_no=20250814000584
2026-02-27 00:25:18	002380	케이씨씨	sub_docs_error:ConnectionError	rcept_no=20250313001099
2026-02-27 00:25:19	005300	롯데칠성음료	sub_docs_error:ConnectionError	rcept_no=20250317000932
2026-02-27 00:25:21	003200	일신방직	sub_docs_error:ConnectionError	rcept_no=20250319000250
2026-02-27 00:25:22	002790	아모레퍼시픽홀딩스	sub_docs_error:ConnectionError	rcept_no=20250317000463
2026-02-27 00:25:23	006220	제주은행	sub_docs_error:ConnectionError	rcept_no=20250317000569
2026-02-27 00:25:24	004150	한솔홀딩스	sub_docs_error:ConnectionError	rcept_no=20250702000575
2026-02-27 00:25:26	007210	벽산	sub_docs_error:ConnectionError	rcept_no=20250321001224
2026-02-27 00:25:27	000400	롯데손해보험	sub_docs_error:ConnectionError	rcept_no=20250424000557
2026-02-27 00:25:28	001130	대한제분	sub_docs_error:ConnectionError	rcept_no=20250313001408
2026-02-27 00:25:29	001680	대상	sub_docs_error:ConnectionError	rcept_no=20250321000555
2026-02-27 00:25:30	003550	LG	sub_docs_error:ConnectionError	rcept_no=20250318001070
2026-02-27 00:25:32	000640	동아쏘시오홀딩스	sub_docs_error:ConnectionError	rcept_no=20250321001899
2026-02-27 00:25:33	003690	코리안리	sub_docs_error:ConnectionError	rcept_no=20250331003380
2026-02-27 00:25:34	000970	한국주철관공업	sub_docs_error:ConnectionError	rcept_no=20250320000304
2026-02-27 00:25:35	003300	한일홀딩스	sub_docs_error:ConnectionError	rcept_no=20250318001319
2026-02-27 00:25:37	004250	엔피씨	sub_docs_error:ConnectionError	rcept_no=20250321001553
2026-02-27 00:25:38	003030	세아제강지주	sub_docs_error:ConnectionError	rcept_no=20250317000708
2026-02-27 00:25:39	001440	대한전선	sub_docs_error:ConnectionError	rcept_no=20250325001056
2026-02-27 00:25:41	001790	대한제당	sub_docs_error:ConnectionError	rcept_no=20250313001084
2026-02-27 00:25:42	000070	삼양홀딩스	sub_docs_error:ConnectionError	rcept_no=20250320000941
2026-02-27 00:25:43	002420	세기상사	sub_docs_error:ConnectionError	rcept_no=20250318000783
2026-02-27 00:25:44	000240	한국앤컴퍼니	sub_docs_error:ConnectionError	rcept_no=20250318000944
2026-02-27 00:25:46	000950	전방	sub_docs_error:ConnectionError	rcept_no=20250829002122
2026-02-27 00:25:47	003490	대한항공	sub_docs_error:ConnectionError	rcept_no=20250318001334
2026-02-27 00:25:48	001530	디아이동일	sub_docs_error:ConnectionError	rcept_no=20250331004012
2026-02-27 00:25:49	000100	유한양행	sub_docs_error:ConnectionError	rcept_no=20250312001137
2026-02-27 00:25:51	000120	CJ대한통운	sub_docs_error:ConnectionError	rcept_no=20250317001020
2026-02-27 00:25:52	000050	경방	sub_docs_error:ConnectionError	rcept_no=20250320001362
2026-02-27 00:25:53	000700	유수홀딩스	sub_docs_error:ConnectionError	rcept_no=20250331003248
2026-02-27 00:25:54	003480	한진중공업홀딩스	sub_docs_error:ConnectionError	rcept_no=20250320000396
2026-02-27 00:29:42	393970	대진첨단소재	sub_docs_error:ConnectionError	rcept_no=20250324000700
2026-02-27 00:29:49	462510	라메디텍	sub_docs_error:ConnectionError	rcept_no=20250319000467
2026-02-27 00:29:55	338840	와이바이오로직스	sub_docs_error:ConnectionError	rcept_no=20250718000564
2026-02-27 00:30:02	416180	신성에스티	sub_docs_error:ConnectionError	rcept_no=20250319000004
2026-02-27 00:30:09	457940	SK증권제10호스팩	sub_docs_error:ConnectionError	rcept_no=20250317000698
2026-02-27 00:30:15	451800	한화리츠	sub_docs_error:ConnectionError	rcept_no=20250321001370
2026-02-27 00:30:22	417010	나노팀	sub_docs_error:ConnectionError	rcept_no=20250325000600
2026-02-27 00:30:28	102950	아하	sub_docs_error:ConnectionError	rcept_no=20250326000824
2026-02-27 00:30:35	403360	라피치	sub_docs_error:ConnectionError	rcept_no=20250327000068
2026-02-27 00:30:42	316140	우리금융지주	sub_docs_error:ConnectionError	rcept_no=20250318001303
2026-02-27 00:30:48	233250	메디안디노스틱	sub_docs_error:ConnectionError	rcept_no=20251021000231
2026-02-27 00:31:15	238500	로보쓰리에이아이	sub_docs_error:ConnectionError	rcept_no=20250407004339
2026-02-27 00:31:22	014710	사조씨푸드	sub_docs_error:ConnectionError	rcept_no=20250311000913
2026-02-27 00:31:29	079980	휴비스	sub_docs_error:ConnectionError	rcept_no=20250317000508
2026-02-27 00:31:35	145270	케이탑리츠	sub_docs_error:ConnectionError	rcept_no=20250312000670
2026-02-27 00:31:42	007070	GS리테일	sub_docs_error:ConnectionError	rcept_no=20250312000991
2026-02-27 00:31:49	129260	인터지스	sub_docs_error:ConnectionError	rcept_no=20250317000861
2026-02-27 00:31:55	145990	삼양사	sub_docs_error:ConnectionError	rcept_no=20250319000739
2026-02-27 00:32:02	039130	하나투어	sub_docs_error:ConnectionError	rcept_no=20250320001129
2026-02-27 00:32:08	078520	에이블씨엔씨	sub_docs_error:ConnectionError	rcept_no=20250321001828
2026-02-27 00:32:15	023000	삼원강재	sub_docs_error:ConnectionError	rcept_no=20250314000520
2026-02-27 00:32:22	031430	신세계인터내셔날	sub_docs_error:ConnectionError	rcept_no=20250313000018
2026-02-27 00:32:28	140910	에이리츠	sub_docs_error:ConnectionError	rcept_no=20250314000900
2026-02-27 00:32:35	047810	한국항공우주	sub_docs_error:ConnectionError	rcept_no=20250318001067
2026-02-27 00:32:42	071840	롯데하이마트	sub_docs_error:ConnectionError	rcept_no=20250312001152
2026-02-27 00:32:49	069640	한세엠케이	sub_docs_error:ConnectionError	rcept_no=20250318000981
2026-02-27 00:32:56	138490	코오롱ENP	sub_docs_error:ConnectionError	rcept_no=20250318000887
2026-02-27 00:33:02	139480	이마트	sub_docs_error:ConnectionError	rcept_no=20250318000688
2026-02-27 00:33:09	139130	iM금융지주	sub_docs_error:ConnectionError	rcept_no=20250318000693
2026-02-27 00:33:16	053210	케이티스카이라이프	sub_docs_error:ConnectionError	rcept_no=20250318001057
2026-02-27 00:33:22	138040	메리츠금융지주	sub_docs_error:ConnectionError	rcept_no=20250328001697
2026-02-27 00:33:29	023350	한국종합기술	sub_docs_error:ConnectionError	rcept_no=20250318001001
2026-02-27 00:33:35	138930	BNK금융지주	sub_docs_error:ConnectionError	rcept_no=20250318001176
2026-02-27 00:33:42	020150	롯데에너지머티리얼즈	sub_docs_error:ConnectionError	rcept_no=20250314001597
2026-02-27 00:33:49	011210	현대위아	sub_docs_error:ConnectionError	rcept_no=20250313000158
2026-02-27 00:33:55	136490	선진	sub_docs_error:ConnectionError	rcept_no=20250318001380
2026-02-27 00:34:02	134380	미원화학	sub_docs_error:ConnectionError	rcept_no=20250310000394
2026-02-27 00:34:09	134790	시디즈	sub_docs_error:ConnectionError	rcept_no=20250814002709
2026-02-27 00:34:15	082740	한화엔진	sub_docs_error:ConnectionError	rcept_no=20250813000469
2026-02-27 00:34:22	117580	대성에너지	sub_docs_error:ConnectionError	rcept_no=20250320001296
2026-02-27 00:34:28	126560	현대퓨처넷	sub_docs_error:ConnectionError	rcept_no=20250829001372
2026-02-27 00:34:35	058860	KTis	sub_docs_error:ConnectionError	rcept_no=20250318000822
2026-02-27 00:34:42	130660	한전산업	sub_docs_error:ConnectionError	rcept_no=20250320001416
2026-02-27 00:34:48	900140	엘브이엠씨	sub_docs_error:ConnectionError	rcept_no=20250425000879
2026-02-27 00:34:55	081660	미스토홀딩스	sub_docs_error:ConnectionError	rcept_no=20250321001837
2026-02-27 00:35:02	058850	KTcs	sub_docs_error:ConnectionError	rcept_no=20250320001127
2026-02-27 00:35:08	057050	현대홈쇼핑	sub_docs_error:ConnectionError	rcept_no=20250829001728
2026-02-27 00:35:15	002150	도화엔지니어링	sub_docs_error:ConnectionError	rcept_no=20250813001273
2026-02-27 00:35:21	128820	대성산업	sub_docs_error:ConnectionError	rcept_no=20250320001121
2026-02-27 00:35:28	122900	아이마켓코리아	sub_docs_error:ConnectionError	rcept_no=20250320001632
2026-02-27 00:35:35	128940	한미약품	sub_docs_error:ConnectionError	rcept_no=20250318001206
2026-02-27 00:35:41	105840	우진	sub_docs_error:ConnectionError	rcept_no=20250313001154
2026-02-27 00:35:48	033920	무학	sub_docs_error:ConnectionError	rcept_no=20250324000610
2026-02-27 00:35:55	102460	이연제약	sub_docs_error:ConnectionError	rcept_no=20250801000808
2026-02-27 00:36:01	123690	한국화장품	sub_docs_error:ConnectionError	rcept_no=20250320001323
2026-02-27 00:36:08	123700	에스제이엠	sub_docs_error:ConnectionError	rcept_no=20250321000422
2026-02-27 00:36:15	060980	HL홀딩스	sub_docs_error:ConnectionError	rcept_no=20250916000312
2026-02-27 00:36:21	032830	삼성생명	sub_docs_error:ConnectionError	rcept_no=20250331004004
2026-02-27 00:36:28	031440	신세계푸드	sub_docs_error:ConnectionError	rcept_no=20250317000635
2026-02-27 00:36:34	900110	이스트아시아홀딩스	sub_docs_error:ConnectionError	rcept_no=20250430001450
2026-02-27 00:36:41	900120	씨엑스아이	sub_docs_error:ConnectionError	rcept_no=20241028000347
2026-02-27 00:36:48	088350	한화생명	sub_docs_error:ConnectionError	rcept_no=20250331003702
2026-02-27 00:36:54	120030	조선선재	sub_docs_error:ConnectionError	rcept_no=20250715000164
2026-02-27 00:37:01	120110	코오롱인더	sub_docs_error:ConnectionError	rcept_no=20250319000318
2026-02-27 00:37:08	119650	KC코트렐	sub_docs_error:ConnectionError	rcept_no=20250814002924
2026-02-27 00:37:14	071320	지역난방공사	sub_docs_error:ConnectionError	rcept_no=20250327000192
2026-02-27 00:37:21	012160	영흥	sub_docs_error:ConnectionError	rcept_no=20250328001676
2026-02-27 00:37:27	118000	메타케어	sub_docs_error:ConnectionError	rcept_no=20250320001573
2026-02-27 00:37:34	900070	글로벌에스엠	sub_docs_error:ConnectionError	rcept_no=20250425000505
2026-02-27 00:37:41	052690	한전기술	sub_docs_error:ConnectionError	rcept_no=20250814001076
2026-02-27 00:37:47	114090	GKL	sub_docs_error:ConnectionError	rcept_no=20250328001704
2026-02-27 00:37:54	034730	SK	sub_docs_error:ConnectionError	rcept_no=20250318001364
2026-02-27 00:38:01	032560	황금에스티	sub_docs_error:ConnectionError	rcept_no=20250318001129
2026-02-27 00:38:07	000080	하이트진로	sub_docs_error:ConnectionError	rcept_no=20250320000493
2026-02-27 00:38:14	082640	동양생명	sub_docs_error:ConnectionError	rcept_no=20250331000321
2026-02-27 00:38:20	047400	유니온머티리얼	sub_docs_error:ConnectionError	rcept_no=20250319000740
2026-02-27 00:38:27	093240	형지엘리트	sub_docs_error:ConnectionError	rcept_no=20240920000129
2026-02-27 00:38:34	039490	키움증권	sub_docs_error:ConnectionError	rcept_no=20250317000785
2026-02-27 00:38:40	111770	영원무역	sub_docs_error:ConnectionError	rcept_no=20250321001998
2026-02-27 00:38:47	053690	한미글로벌	sub_docs_error:ConnectionError	rcept_no=20250814003308
2026-02-27 00:38:54	028100	동아지질	sub_docs_error:ConnectionError	rcept_no=20250814003141
2026-02-27 00:39:00	071970	HD현대마린엔진	sub_docs_error:ConnectionError	rcept_no=20250317000801
2026-02-27 00:39:07	108670	LX하우시스	sub_docs_error:ConnectionError	rcept_no=20250318001456
2026-02-27 00:39:13	105630	한세실업	sub_docs_error:ConnectionError	rcept_no=20250318000934
2026-02-27 00:39:20	109070	주성코퍼레이션	sub_docs_error:ConnectionError	rcept_no=20250318000167
2026-02-27 00:39:27	107590	미원홀딩스	sub_docs_error:ConnectionError	rcept_no=20250319000813
2026-02-27 00:39:33	078070	유비쿼스홀딩스	sub_docs_error:ConnectionError	rcept_no=20250318001391
2026-02-27 00:39:40	035420	NAVER	sub_docs_error:ConnectionError	rcept_no=20250318000645
2026-02-27 00:39:47	026940	부국철강	sub_docs_error:ConnectionError	rcept_no=20250320000887
2026-02-27 00:39:53	105560	KB금융	sub_docs_error:ConnectionError	rcept_no=20250526000370
2026-02-27 00:40:00	104700	한국철강	sub_docs_error:ConnectionError	rcept_no=20250320001288
2026-02-27 00:40:07	103590	일진전기	sub_docs_error:ConnectionError	rcept_no=20250312000485
2026-02-27 00:40:13	103140	풍산	sub_docs_error:ConnectionError	rcept_no=20250313001378
2026-02-27 00:40:20	011070	LG이노텍	sub_docs_error:ConnectionError	rcept_no=20250318001384
2026-02-27 00:40:26	017180	명문제약	sub_docs_error:ConnectionError	rcept_no=20250326000618
2026-02-27 00:40:33	100220	비상교육	sub_docs_error:ConnectionError	rcept_no=20250320001015
2026-02-27 00:40:40	102260	동성케미컬	sub_docs_error:ConnectionError	rcept_no=20250515001393
2026-02-27 00:40:46	032640	LG유플러스	sub_docs_error:ConnectionError	rcept_no=20250317000701
2026-02-27 00:40:53	101140	인바이오젠	sub_docs_error:ConnectionError	rcept_no=20250321001009
2026-02-27 00:41:00	020560	아시아나항공	sub_docs_error:ConnectionError	rcept_no=20250318000756
2026-02-27 00:41:06	100840	SNT에너지	sub_docs_error:ConnectionError	rcept_no=20250220001320
2026-02-27 00:41:13	100250	진양홀딩스	sub_docs_error:ConnectionError	rcept_no=20250306000676
2026-02-27 00:41:20	085310	엔케이	sub_docs_error:ConnectionError	rcept_no=20250319000323
2026-02-27 00:41:26	051600	한전KPS	sub_docs_error:ConnectionError	rcept_no=20250514000974
2026-02-27 00:41:33	092440	기신정기	sub_docs_error:ConnectionError	rcept_no=20240613000239
2026-02-27 00:41:39	044450	KSS해운	sub_docs_error:ConnectionError	rcept_no=20250814001308
2026-02-27 00:41:47	094280	효성 ITX	sub_docs_error:ConnectionError	rcept_no=20250318000878
2026-02-27 00:41:53	033270	유나이티드	sub_docs_error:ConnectionError	rcept_no=20250728000359
2026-02-27 00:42:00	092200	디아이씨	sub_docs_error:ConnectionError	rcept_no=20250321001173
2026-02-27 00:42:07	097950	CJ제일제당	sub_docs_error:ConnectionError	rcept_no=20250321001604
2026-02-27 00:42:13	028670	팬오션	sub_docs_error:ConnectionError	rcept_no=20250318000777
2026-02-27 00:42:20	097230	HJ중공업	sub_docs_error:ConnectionError	rcept_no=20250813000454
2026-02-27 00:42:27	096760	JW홀딩스	sub_docs_error:ConnectionError	rcept_no=20250318001204
2026-02-27 00:42:33	096770	SK이노베이션	sub_docs_error:ConnectionError	rcept_no=20250318000862
2026-02-27 00:42:40	086520	에코프로	sub_docs_error:ConnectionError	rcept_no=20250318001116
2026-02-27 00:42:47	029780	삼성카드	sub_docs_error:ConnectionError	rcept_no=20250312000920
2026-02-27 00:42:53	001780	알루코	sub_docs_error:ConnectionError	rcept_no=20250318000832
2026-02-27 00:43:00	095720	웅진씽크빅	sub_docs_error:ConnectionError	rcept_no=20250320001745
2026-02-27 00:43:06	078020	LS증권	sub_docs_error:ConnectionError	rcept_no=20250319000847
2026-02-27 00:43:13	090370	메타랩스	sub_docs_error:ConnectionError	rcept_no=20250320001179
2026-02-27 00:43:20	093370	후성	sub_docs_error:ConnectionError	rcept_no=20250317000896
2026-02-27 00:43:26	093050	LF	sub_docs_error:ConnectionError	rcept_no=20250318000532
2026-02-27 00:43:33	044380	주연테크	sub_docs_error:ConnectionError	rcept_no=20250320000220
2026-02-27 00:43:40	044820	코스맥스비티아이	sub_docs_error:ConnectionError	rcept_no=20250319000641
2026-02-27 00:43:46	034590	인천도시가스	sub_docs_error:ConnectionError	rcept_no=20250306000367
2026-02-27 00:43:53	009770	삼정펄프	sub_docs_error:ConnectionError	rcept_no=20250327001293
2026-02-27 00:44:00	092220	KEC	sub_docs_error:ConnectionError	rcept_no=20250319000838
2026-02-27 00:44:06	092230	KPX홀딩스	sub_docs_error:ConnectionError	rcept_no=20250313001218
2026-02-27 00:44:13	089470	HDC현대EP	sub_docs_error:ConnectionError	rcept_no=20250812000172
2026-02-27 00:44:19	090350	노루페인트	sub_docs_error:ConnectionError	rcept_no=20250313001422
2026-02-27 00:44:26	090430	아모레퍼시픽	sub_docs_error:ConnectionError	rcept_no=20250317000429
2026-02-27 00:44:33	032350	롯데관광개발	sub_docs_error:ConnectionError	rcept_no=20250320001631
2026-02-27 00:44:39	090080	평화산업	sub_docs_error:ConnectionError	rcept_no=20250317000667
2026-02-27 00:44:46	049800	우진플라임	sub_docs_error:ConnectionError	rcept_no=20250321000814
2026-02-27 00:44:53	035510	신세계I&C	sub_docs_error:ConnectionError	rcept_no=20250317000967
2026-02-27 00:44:59	088790	진도	sub_docs_error:ConnectionError	rcept_no=20250327001019
2026-02-27 00:45:06	023530	롯데쇼핑	sub_docs_error:ConnectionError	rcept_no=20250314001659
2026-02-27 00:45:12	086280	현대글로비스	sub_docs_error:ConnectionError	rcept_no=20250318000748
2026-02-27 00:45:19	084870	티비에이치글로벌	sub_docs_error:ConnectionError	rcept_no=20250320000173
2026-02-27 00:45:26	086790	하나금융지주	sub_docs_error:ConnectionError	rcept_no=20250317000894
2026-02-27 00:45:32	001560	제일연마	sub_docs_error:ConnectionError	rcept_no=20250317000206
2026-02-27 00:45:39	079430	현대리바트	sub_docs_error:ConnectionError	rcept_no=20250829001312
2026-02-27 00:45:46	084010	대한제강	sub_docs_error:ConnectionError	rcept_no=20250320000395
2026-02-27 00:45:52	075180	새론오토모티브	sub_docs_error:ConnectionError	rcept_no=20250321000868
2026-02-27 00:45:59	083420	그린케미칼	sub_docs_error:ConnectionError	rcept_no=20250318000396
2026-02-27 00:46:06	084690	대상홀딩스	sub_docs_error:ConnectionError	rcept_no=20250319001086
2026-02-27 00:46:12	071950	코아스	sub_docs_error:ConnectionError	rcept_no=20250320000653
2026-02-27 00:46:19	084680	이월드	sub_docs_error:ConnectionError	rcept_no=20250313000580
2026-02-27 00:46:26	084670	동양고속	sub_docs_error:ConnectionError	rcept_no=20250321001272
2026-02-27 00:46:32	042700	한미반도체	sub_docs_error:ConnectionError	rcept_no=20250313001171
2026-02-27 00:46:39	004890	동일산업	sub_docs_error:ConnectionError	rcept_no=20250328001290
2026-02-27 00:46:46	010960	삼호개발	sub_docs_error:ConnectionError	rcept_no=20250317000096
2026-02-27 00:46:52	073240	금호타이어	sub_docs_error:ConnectionError	rcept_no=20250318001169
2026-02-27 00:46:59	079160	CJ CGV	sub_docs_error:ConnectionError	rcept_no=20250321001474
2026-02-27 00:47:05	081000	일진다이아	sub_docs_error:ConnectionError	rcept_no=20250312000641
2026-02-27 00:47:12	014830	유니드	sub_docs_error:ConnectionError	rcept_no=20250318000116
2026-02-27 00:47:19	041650	상신브레이크	sub_docs_error:ConnectionError	rcept_no=20250314001195
2026-02-27 00:47:25	023810	인팩	sub_docs_error:ConnectionError	rcept_no=20250321001500
2026-02-27 00:47:32	078930	GS	sub_docs_error:ConnectionError	rcept_no=20250318001410
2026-02-27 00:47:38	077500	유니퀘스트	sub_docs_error:ConnectionError	rcept_no=20250320001187
2026-02-27 00:47:45	058730	다스코	sub_docs_error:ConnectionError	rcept_no=20250314000954
2026-02-27 00:47:52	034220	LG디스플레이	sub_docs_error:ConnectionError	rcept_no=20250312000906
2026-02-27 00:47:58	078000	텔코웨어	sub_docs_error:ConnectionError	rcept_no=20250814001427
2026-02-27 00:48:05	077970	STX엔진	sub_docs_error:ConnectionError	rcept_no=20250321000939
2026-02-27 00:48:12	034310	NICE	sub_docs_error:ConnectionError	rcept_no=20250318000811
2026-02-27 00:48:18	019680	대교	sub_docs_error:ConnectionError	rcept_no=20250819000071
2026-02-27 00:48:25	024110	기업은행	sub_docs_error:ConnectionError	rcept_no=20250318001325
2026-02-27 00:48:32	074610	이엔플러스	sub_docs_error:ConnectionError	rcept_no=20250407004328
2026-02-27 00:48:38	025750	한솔홈데코	sub_docs_error:ConnectionError	rcept_no=20250311000946
2026-02-27 00:48:45	007660	이수페타시스	sub_docs_error:ConnectionError	rcept_no=20250321001007
2026-02-27 00:48:52	035250	강원랜드	sub_docs_error:ConnectionError	rcept_no=20250318001106
2026-02-27 00:48:58	037270	YG PLUS	sub_docs_error:ConnectionError	rcept_no=20250320001394
2026-02-27 00:49:05	072710	농심홀딩스	sub_docs_error:ConnectionError	rcept_no=20250814002854
2026-02-27 00:49:11	071050	한국금융지주	sub_docs_error:ConnectionError	rcept_no=20250320000910
2026-02-27 00:49:18	072130	유엔젤	sub_docs_error:ConnectionError	rcept_no=20250328001604
2026-02-27 00:49:25	034120	SBS	sub_docs_error:ConnectionError	rcept_no=20250320001108
2026-02-27 00:49:31	036570	엔씨소프트	sub_docs_error:ConnectionError	rcept_no=20250328002285
2026-02-27 00:49:38	071090	하이스틸	sub_docs_error:ConnectionError	rcept_no=20250312001033
2026-02-27 00:49:45	069730	DSR제강	sub_docs_error:ConnectionError	rcept_no=20250226005968
2026-02-27 00:49:51	006890	태경케미컬	sub_docs_error:ConnectionError	rcept_no=20250318000825
2026-02-27 00:49:58	011500	한농화성	sub_docs_error:ConnectionError	rcept_no=20250320000501
2026-02-27 00:50:05	069960	현대백화점	sub_docs_error:ConnectionError	rcept_no=20250318001045
2026-02-27 00:50:11	069460	대호에이엘	sub_docs_error:ConnectionError	rcept_no=20250711000353
2026-02-27 00:50:18	069620	대웅제약	sub_docs_error:ConnectionError	rcept_no=20250814004375
2026-02-27 00:50:25	027740	마니커	sub_docs_error:ConnectionError	rcept_no=20250324000626
2026-02-27 00:50:31	036530	SNT홀딩스	sub_docs_error:ConnectionError	rcept_no=20250220001567
2026-02-27 00:50:38	069260	티케이지휴켐스	sub_docs_error:ConnectionError	rcept_no=20250313001222
2026-02-27 00:50:45	033530	SJG세종	sub_docs_error:ConnectionError	rcept_no=20250317000672
2026-02-27 00:50:51	058430	포스코스틸리온	sub_docs_error:ConnectionError	rcept_no=20250408001924
2026-02-27 00:50:58	068290	삼성출판사	sub_docs_error:ConnectionError	rcept_no=20251114002511
2026-02-27 00:51:04	067830	세이브존I&C	sub_docs_error:ConnectionError	rcept_no=20250320000981
2026-02-27 00:51:11	030610	교보증권	sub_docs_error:ConnectionError	rcept_no=20250313000901
2026-02-27 00:51:18	009240	한샘	sub_docs_error:ConnectionError	rcept_no=20250313001195
2026-02-27 00:51:25	017370	우신시스템	sub_docs_error:ConnectionError	rcept_no=20250318000772
2026-02-27 00:51:31	066570	LG전자	sub_docs_error:ConnectionError	rcept_no=20250317001029
2026-02-27 00:51:38	024720	콜마홀딩스	sub_docs_error:ConnectionError	rcept_no=20250814004400
2026-02-27 00:51:44	064960	SNT모티브	sub_docs_error:ConnectionError	rcept_no=20250220001279
2026-02-27 00:51:51	037710	광주신세계	sub_docs_error:ConnectionError	rcept_no=20250313000495
2026-02-27 00:51:58	020760	일진디스플	sub_docs_error:ConnectionError	rcept_no=20250320000779
2026-02-27 00:52:04	060250	NHN KCP	sub_docs_error:ConnectionError	rcept_no=20250327000536
2026-02-27 00:52:11	063160	종근당바이오	sub_docs_error:ConnectionError	rcept_no=20250318001004
2026-02-27 00:52:18	054620	APS	sub_docs_error:ConnectionError	rcept_no=20250321001983
2026-02-27 00:52:24	055550	신한지주	sub_docs_error:ConnectionError	rcept_no=20250318000993
2026-02-27 00:52:31	021240	코웨이	sub_docs_error:ConnectionError	rcept_no=20250321001734
2026-02-27 00:52:38	058650	세아홀딩스	sub_docs_error:ConnectionError	rcept_no=20250314001645
2026-02-27 00:52:44	051900	LG생활건강	sub_docs_error:ConnectionError	rcept_no=20250317000790
2026-02-27 00:52:51	051910	LG화학	sub_docs_error:ConnectionError	rcept_no=20250731000339
2026-02-27 00:52:57	047040	대우건설	sub_docs_error:ConnectionError	rcept_no=20250813000868
2026-02-27 00:53:04	047050	포스코인터내셔널	sub_docs_error:ConnectionError	rcept_no=20250314001718
2026-02-27 00:53:11	042660	한화오션	sub_docs_error:ConnectionError	rcept_no=20250314001630
2026-02-27 00:53:17	051630	진양화학	sub_docs_error:ConnectionError	rcept_no=20250304000650
2026-02-27 00:53:24	034020	두산에너빌리티	sub_docs_error:ConnectionError	rcept_no=20250320001103
2026-02-27 00:53:31	010040	한국내화	sub_docs_error:ConnectionError	rcept_no=20250318000918
2026-02-27 00:53:37	042370	비츠로테크	sub_docs_error:ConnectionError	rcept_no=20250321001569
2026-02-27 00:53:44	041190	우리기술투자	sub_docs_error:ConnectionError	rcept_no=20250320000645
2026-02-27 00:53:50	016450	한세예스24홀딩스	sub_docs_error:ConnectionError	rcept_no=20250814003323
2026-02-27 00:53:57	016710	대성홀딩스	sub_docs_error:ConnectionError	rcept_no=20250320000999
2026-02-27 00:54:04	003220	대원제약	sub_docs_error:ConnectionError	rcept_no=20250320001537
2026-02-27 00:54:10	036460	한국가스공사	sub_docs_error:ConnectionError	rcept_no=20250325000742
2026-02-27 00:54:17	027830	대성창투	sub_docs_error:ConnectionError	rcept_no=20250319001089
2026-02-27 00:54:24	007120	미래아이앤지	sub_docs_error:ConnectionError	rcept_no=20250814002870
2026-02-27 00:54:30	000850	화천기공	sub_docs_error:ConnectionError	rcept_no=20250312000803
2026-02-27 00:54:37	036580	팜스코	sub_docs_error:ConnectionError	rcept_no=20250318001293
2026-02-27 00:54:44	033780	케이티앤지	sub_docs_error:ConnectionError	rcept_no=20250318001223
2026-02-27 00:54:50	009540	HD한국조선해양	sub_docs_error:ConnectionError	rcept_no=20250318001131
2026-02-27 00:54:57	024090	디씨엠	sub_docs_error:ConnectionError	rcept_no=20250718000228
2026-02-27 00:55:04	006840	AK홀딩스	sub_docs_error:ConnectionError	rcept_no=20250318001263
2026-02-27 00:55:11	035000	HS애드	sub_docs_error:ConnectionError	rcept_no=20250311001196
2026-02-27 00:55:17	006650	대한유화	sub_docs_error:ConnectionError	rcept_no=20250306000568
2026-02-27 00:55:24	035150	백산	sub_docs_error:ConnectionError	rcept_no=20250319000644
2026-02-27 00:55:30	033250	체시스	sub_docs_error:ConnectionError	rcept_no=20250321001138
2026-02-27 00:55:37	034810	해성산업	sub_docs_error:ConnectionError	rcept_no=20250321001630
2026-02-27 00:55:44	033240	자화전자	sub_docs_error:ConnectionError	rcept_no=20250320001727
2026-02-27 00:55:50	030200	케이티	sub_docs_error:ConnectionError	rcept_no=20250321001834
2026-02-27 00:55:57	019490	엑시큐어하이트론	sub_docs_error:ConnectionError	rcept_no=20250321001008
2026-02-27 00:56:03	030000	제일기획	sub_docs_error:ConnectionError	rcept_no=20250311000974
2026-02-27 00:56:10	026890	스틱인베스트먼트	sub_docs_error:ConnectionError	rcept_no=20250320001381
2026-02-27 00:56:17	029460	케이씨	sub_docs_error:ConnectionError	rcept_no=20250318001395
2026-02-27 00:56:24	024890	대원화성	sub_docs_error:ConnectionError	rcept_no=20250320001317
2026-02-27 00:56:30	017940	E1	sub_docs_error:ConnectionError	rcept_no=20250814000491
2026-02-27 00:56:37	018670	SK가스	sub_docs_error:ConnectionError	rcept_no=20250312000964
2026-02-27 00:56:44	023590	다우기술	sub_docs_error:ConnectionError	rcept_no=20250318001202
2026-02-27 00:56:50	014440	영보화학	sub_docs_error:ConnectionError	rcept_no=20250312000962
2026-02-27 00:56:57	011790	SKC	sub_docs_error:ConnectionError	rcept_no=20250318001448
2026-02-27 00:57:03	025890	한국주강	sub_docs_error:ConnectionError	rcept_no=20250319000402
2026-02-27 00:57:10	024900	디와이덕양	sub_docs_error:ConnectionError	rcept_no=20250317000666
2026-02-27 00:57:17	023960	에쓰씨엔지니어링	sub_docs_error:ConnectionError	rcept_no=20250326001145
2026-02-27 00:57:23	023800	인지컨트롤스	sub_docs_error:ConnectionError	rcept_no=20250328001677
2026-02-27 00:57:30	012320	경동인베스트	sub_docs_error:ConnectionError	rcept_no=20250320001376
2026-02-27 00:57:37	031820	아이티센씨티에스	sub_docs_error:ConnectionError	rcept_no=20250319001103
2026-02-27 00:57:43	025530	에스제이엠홀딩스	sub_docs_error:ConnectionError	rcept_no=20250320001596
2026-02-27 00:57:50	000660	SK하이닉스	sub_docs_error:ConnectionError	rcept_no=20250319000665
2026-02-27 00:57:57	015360	INVENI	sub_docs_error:ConnectionError	rcept_no=20250811000385
2026-02-27 00:58:03	023150	MH에탄올	sub_docs_error:ConnectionError	rcept_no=20250312000625
2026-02-27 00:58:10	023450	동남합성	sub_docs_error:ConnectionError	rcept_no=20250311000605
2026-02-27 00:58:17	028050	삼성E&A	sub_docs_error:ConnectionError	rcept_no=20250814003670
2026-02-27 00:58:23	029530	신도리코	sub_docs_error:ConnectionError	rcept_no=20250715000025
2026-02-27 00:58:30	005320	온타이드	sub_docs_error:ConnectionError	rcept_no=20250320000926
2026-02-27 00:58:37	016800	퍼시스	sub_docs_error:ConnectionError	rcept_no=20250814001419
2026-02-27 00:58:43	024070	WISCOM	sub_docs_error:ConnectionError	rcept_no=20250320000660
2026-02-27 00:58:50	030720	동원수산	sub_docs_error:ConnectionError	rcept_no=20250404003738
2026-02-27 00:58:57	025560	미래산업	sub_docs_error:ConnectionError	rcept_no=20250318001105
2026-02-27 00:59:03	030210	다올투자증권	sub_docs_error:ConnectionError	rcept_no=20250317000595
2026-02-27 00:59:10	012630	HDC	sub_docs_error:ConnectionError	rcept_no=20250812000713
2026-02-27 00:59:17	017900	광전자	sub_docs_error:ConnectionError	rcept_no=20250320000952
2026-02-27 00:59:23	025540	한국단자공업	sub_docs_error:ConnectionError	rcept_no=20250320000091
2026-02-27 00:59:30	021880	메이슨캐피탈	sub_docs_error:ConnectionError	rcept_no=20240619000040
2026-02-27 00:59:37	003160	디아이	sub_docs_error:ConnectionError	rcept_no=20250313001050
2026-02-27 00:59:43	011930	신성이엔지	sub_docs_error:ConnectionError	rcept_no=20250318001079
2026-02-27 00:59:50	019180	티에이치엔	sub_docs_error:ConnectionError	rcept_no=20250319001022
2026-02-27 00:59:56	018880	한온시스템	sub_docs_error:ConnectionError	rcept_no=20250321001829
2026-02-27 01:00:03	006740	블루산업개발	sub_docs_error:ConnectionError	rcept_no=20250411003513
2026-02-27 01:00:10	021820	세원정공	sub_docs_error:ConnectionError	rcept_no=20250808000388
2026-02-27 01:00:16	000910	유니온	sub_docs_error:ConnectionError	rcept_no=20250320001552
2026-02-27 01:00:23	020120	키다리스튜디오	sub_docs_error:ConnectionError	rcept_no=20250319000526
2026-02-27 01:00:30	027970	한국제지	sub_docs_error:ConnectionError	rcept_no=20250314001620
2026-02-27 01:00:36	020000	한섬	sub_docs_error:ConnectionError	rcept_no=20250829000928
2026-02-27 01:00:43	017800	현대엘리베이터	sub_docs_error:ConnectionError	rcept_no=20250318000920
2026-02-27 01:00:49	016580	환인제약	sub_docs_error:ConnectionError	rcept_no=20250813000488
2026-02-27 01:00:56	013580	계룡건설산업	sub_docs_error:ConnectionError	rcept_no=20250814001751
2026-02-27 01:01:03	021050	서원	sub_docs_error:ConnectionError	rcept_no=20250320001156
2026-02-27 01:01:10	012750	에스원	sub_docs_error:ConnectionError	rcept_no=20250312000984
2026-02-27 01:01:16	015890	태경산업	sub_docs_error:ConnectionError	rcept_no=20250321000898
2026-02-27 01:01:23	016590	신대양제지	sub_docs_error:ConnectionError	rcept_no=20250320001290
2026-02-27 01:01:29	011690	와이투솔루션	sub_docs_error:ConnectionError	rcept_no=20250319001127
2026-02-27 01:01:36	025860	남해화학	sub_docs_error:ConnectionError	rcept_no=20250320001558
2026-02-27 01:01:43	018500	동원금속	sub_docs_error:ConnectionError	rcept_no=20240619000177
2026-02-27 01:01:49	011300	성안머티리얼스	sub_docs_error:ConnectionError	rcept_no=20250320000581
2026-02-27 01:01:56	011200	HMM	sub_docs_error:ConnectionError	rcept_no=20250318000828
2026-02-27 01:02:03	012610	경인양행	sub_docs_error:ConnectionError	rcept_no=20250320000738
2026-02-27 01:02:09	017810	풀무원	sub_docs_error:ConnectionError	rcept_no=20250318001312
2026-02-27 01:02:16	017390	서울도시가스	sub_docs_error:ConnectionError	rcept_no=20250703000161
2026-02-27 01:02:23	025820	이구산업	sub_docs_error:ConnectionError	rcept_no=20250320000112
2026-02-27 01:02:29	011090	에넥스	sub_docs_error:ConnectionError	rcept_no=20250318001112
2026-02-27 01:02:36	007460	에이프로젠	sub_docs_error:ConnectionError	rcept_no=20250321001573
2026-02-27 01:02:43	025620	차AI헬스케어	sub_docs_error:ConnectionError	rcept_no=20250319000718
2026-02-27 01:02:49	017960	한국카본	sub_docs_error:ConnectionError	rcept_no=20250319000937
2026-02-27 01:02:56	025000	KPX케미칼	sub_docs_error:ConnectionError	rcept_no=20250313001177
2026-02-27 01:03:02	007980	TP	sub_docs_error:ConnectionError	rcept_no=20250319000833
2026-02-27 01:03:09	010580	에스엠벡셀	sub_docs_error:ConnectionError	rcept_no=20250320001174
2026-02-27 01:03:16	023760	한국캐피탈	sub_docs_error:ConnectionError	rcept_no=20250313001128
2026-02-27 01:03:22	009440	KC그린홀딩스	sub_docs_error:ConnectionError	rcept_no=20250320001565
2026-02-27 01:03:29	008420	문배철강	sub_docs_error:ConnectionError	rcept_no=20250708000057
2026-02-27 01:03:36	016880	웅진	sub_docs_error:ConnectionError	rcept_no=20250320001474
2026-02-27 01:03:42	014790	HL D&I	sub_docs_error:ConnectionError	rcept_no=20250317000836
2026-02-27 01:03:49	007310	오뚜기	sub_docs_error:ConnectionError	rcept_no=20250318000979
2026-02-27 01:03:55	008500	일정실업	sub_docs_error:ConnectionError	rcept_no=20250321000231
2026-02-27 01:04:02	010120	엘에스일렉트릭	sub_docs_error:ConnectionError	rcept_no=20250317000918
2026-02-27 01:04:09	009190	대양금속	sub_docs_error:ConnectionError	rcept_no=20250731000398
2026-02-27 01:04:15	000760	이화산업	sub_docs_error:ConnectionError	rcept_no=20250320000337
2026-02-27 01:04:22	014820	동원시스템즈	sub_docs_error:ConnectionError	rcept_no=20250318000868
2026-02-27 01:04:29	010140	삼성중공업	sub_docs_error:ConnectionError	rcept_no=20250319000397
2026-02-27 01:04:35	009680	모토닉	sub_docs_error:ConnectionError	rcept_no=20250313000748
2026-02-27 01:04:42	010690	화신	sub_docs_error:ConnectionError	rcept_no=20250317000376
2026-02-27 01:04:49	007330	푸른저축은행	sub_docs_error:ConnectionError	rcept_no=20250318000957
2026-02-27 01:04:55	000390	삼화페인트공업	sub_docs_error:ConnectionError	rcept_no=20250312000816
2026-02-27 01:05:02	009450	경동나비엔	sub_docs_error:ConnectionError	rcept_no=20250318000908
2026-02-27 01:05:08	016600	큐캐피탈	sub_docs_error:ConnectionError	rcept_no=20250318000977
2026-02-27 01:05:15	012030	DB	sub_docs_error:ConnectionError	rcept_no=20250320000879
2026-02-27 01:05:22	005090	SGC에너지	sub_docs_error:ConnectionError	rcept_no=20250312001090
2026-02-27 01:05:28	005750	대림바스	sub_docs_error:ConnectionError	rcept_no=20250321001769
2026-02-27 01:05:35	005880	대한해운	sub_docs_error:ConnectionError	rcept_no=20250320001093
2026-02-27 01:05:42	005870	휴니드테크놀러지스	sub_docs_error:ConnectionError	rcept_no=20250310000706
2026-02-27 01:05:48	017550	수산세보틱스	sub_docs_error:ConnectionError	rcept_no=20250321001765
2026-02-27 01:05:55	021080	에이티넘인베스트	sub_docs_error:ConnectionError	rcept_no=20250311001310
2026-02-27 01:06:01	011170	롯데케미칼	sub_docs_error:ConnectionError	rcept_no=20250725000806
2026-02-27 01:06:08	001430	세아베스틸지주	sub_docs_error:ConnectionError	rcept_no=20250318000465
2026-02-27 01:06:15	008770	호텔신라	sub_docs_error:ConnectionError	rcept_no=20250515002269
2026-02-27 01:06:21	014580	태경비케이	sub_docs_error:ConnectionError	rcept_no=20250320001058
2026-02-27 01:06:28	013520	화승코퍼레이션	sub_docs_error:ConnectionError	rcept_no=20250321001555
2026-02-27 01:06:34	004080	신흥	sub_docs_error:ConnectionError	rcept_no=20250320000945
2026-02-27 01:06:41	006060	화승인더스트리	sub_docs_error:ConnectionError	rcept_no=20250317000314
2026-02-27 01:06:48	014530	극동유화	sub_docs_error:ConnectionError	rcept_no=20250320001025
2026-02-27 01:06:54	002140	고려산업	sub_docs_error:ConnectionError	rcept_no=20250312000333
2026-02-27 01:07:01	016090	대현	sub_docs_error:ConnectionError	rcept_no=20250321001236
2026-02-27 01:07:08	001620	케이비아이동국실업	sub_docs_error:ConnectionError	rcept_no=20250319000773
2026-02-27 01:07:14	017040	광명전기	sub_docs_error:ConnectionError	rcept_no=20250814002376
2026-02-27 01:07:21	011390	부산산업	sub_docs_error:ConnectionError	rcept_no=20250320000250
2026-02-27 01:07:28	011810	STX	sub_docs_error:ConnectionError	rcept_no=20250320001714
2026-02-27 01:07:34	010130	고려아연	sub_docs_error:ConnectionError	rcept_no=20250331003521
2026-02-27 01:07:41	004720	팜젠사이언스	sub_docs_error:ConnectionError	rcept_no=20250321000584
2026-02-27 01:07:47	009200	무림페이퍼	sub_docs_error:ConnectionError	rcept_no=20250317000368
2026-02-27 01:07:54	001500	현대차증권	sub_docs_error:ConnectionError	rcept_no=20250814002660
2026-02-27 01:08:01	008870	금비	sub_docs_error:ConnectionError	rcept_no=20241219000451
2026-02-27 01:08:07	008110	대동전자	sub_docs_error:ConnectionError	rcept_no=20240618000424
2026-02-27 01:08:14	005820	원림	sub_docs_error:ConnectionError	rcept_no=20250321000993
2026-02-27 01:08:21	008490	서흥	sub_docs_error:ConnectionError	rcept_no=20250320000847
2026-02-27 01:08:27	014910	성문전자	sub_docs_error:ConnectionError	rcept_no=20250320000385
2026-02-27 01:08:34	003580	HLB글로벌	sub_docs_error:ConnectionError	rcept_no=20250319000687
2026-02-27 01:08:40	015860	일진홀딩스	sub_docs_error:ConnectionError	rcept_no=20250328001256
2026-02-27 01:08:47	014160	대영포장	sub_docs_error:ConnectionError	rcept_no=20250320001314
2026-02-27 01:08:54	012280	영화금속	sub_docs_error:ConnectionError	rcept_no=20250318000559
2026-02-27 01:09:00	019170	신풍제약	sub_docs_error:ConnectionError	rcept_no=20250814002067
2026-02-27 01:09:07	002210	동성제약	sub_docs_error:ConnectionError	rcept_no=20250321001375
2026-02-27 01:09:14	012170	아센디오	sub_docs_error:ConnectionError	rcept_no=20250321000735
2026-02-27 01:09:20	009420	한올바이오파마	sub_docs_error:ConnectionError	rcept_no=20250318000750
2026-02-27 01:09:27	011330	유니켐	sub_docs_error:ConnectionError	rcept_no=20250807000215
2026-02-27 01:09:33	012800	대창	sub_docs_error:ConnectionError	rcept_no=20250318001233
2026-02-27 01:09:40	013360	일성건설	sub_docs_error:ConnectionError	rcept_no=20250808000499
2026-02-27 01:09:47	013700	까뮤이앤씨	sub_docs_error:ConnectionError	rcept_no=20250321001470
2026-02-27 01:09:54	002760	보락	sub_docs_error:ConnectionError	rcept_no=20250321000822
2026-02-27 01:10:00	007610	선도전기	sub_docs_error:ConnectionError	rcept_no=20250926000794
2026-02-27 01:10:07	004920	씨아이테크	sub_docs_error:ConnectionError	rcept_no=20250321000753
2026-02-27 01:10:13	009290	광동제약	sub_docs_error:ConnectionError	rcept_no=20250325000803
2026-02-27 01:10:20	011420	갤럭시아에스엠	sub_docs_error:ConnectionError	rcept_no=20250814002546
2026-02-27 01:10:27	004270	남성	sub_docs_error:ConnectionError	rcept_no=20250319000945
2026-02-27 01:10:33	001940	KISCO홀딩스	sub_docs_error:ConnectionError	rcept_no=20250320001326
2026-02-27 01:10:40	009410	태영건설	sub_docs_error:ConnectionError	rcept_no=20250814003344
2026-02-27 01:10:47	007280	한국특강	sub_docs_error:ConnectionError	rcept_no=20250321001284
2026-02-27 01:10:53	009180	한솔로지스틱스	sub_docs_error:ConnectionError	rcept_no=20250311001053
2026-02-27 01:11:00	002170	삼양통상	sub_docs_error:ConnectionError	rcept_no=20250321001357
2026-02-27 01:11:06	017670	SK텔레콤	sub_docs_error:ConnectionError	rcept_no=20250317000684
2026-02-27 01:11:13	010640	진양폴리우레탄	sub_docs_error:ConnectionError	rcept_no=20250228006453
2026-02-27 01:11:20	003650	미창석유공업	sub_docs_error:ConnectionError	rcept_no=20250321001415
2026-02-27 01:11:26	004380	삼익THK	sub_docs_error:ConnectionError	rcept_no=20250313001328
2026-02-27 01:11:33	002840	미원상사	sub_docs_error:ConnectionError	rcept_no=20250317000651
2026-02-27 01:11:39	007860	서연	sub_docs_error:ConnectionError	rcept_no=20250318001318
2026-02-27 01:11:46	019550	SBI인베스트먼트	sub_docs_error:ConnectionError	rcept_no=20250319000401
2026-02-27 01:11:53	013000	세우글로벌	sub_docs_error:ConnectionError	rcept_no=20250321001830
2026-02-27 01:22:46	010060	OCI홀딩스	business_section_not_found	rcept_no=20250318001243
2026-02-27 01:22:59	003120	일성아이에스	business_section_not_found	rcept_no=20250814002850
2026-02-27 01:29:30	393970	대진첨단소재	business_section_not_found	rcept_no=20250324000700
2026-02-27 01:29:32	462510	라메디텍	business_section_not_found	rcept_no=20250319000467
2026-02-27 01:29:33	338840	와이바이오로직스	business_section_not_found	rcept_no=20250718000564
2026-02-27 01:29:34	416180	신성에스티	business_section_not_found	rcept_no=20250319000004
2026-02-27 01:29:36	457940	SK증권제10호스팩	business_section_not_found	rcept_no=20250317000698
2026-02-27 01:29:37	451800	한화리츠	business_section_not_found	rcept_no=20250321001370
2026-02-27 01:29:39	417010	나노팀	business_section_not_found	rcept_no=20250325000600
2026-02-27 01:29:40	102950	아하	business_section_not_found	rcept_no=20250326000824
2026-02-27 01:29:41	403360	라피치	business_section_not_found	rcept_no=20250327000068
2026-02-27 01:29:43	316140	우리금융지주	business_section_not_found	rcept_no=20250318001303
2026-02-27 01:29:44	233250	메디안디노스틱	business_section_not_found	rcept_no=20251021000231
2026-02-27 01:29:46	238500	로보쓰리에이아이	business_section_not_found	rcept_no=20250407004339
2026-02-27 01:30:23	001820	삼화콘덴서공업	sub_docs_error:ConnectionError	rcept_no=20250313000953
2026-02-27 01:30:28	129260	인터지스	sub_docs_error:ConnectionError	rcept_no=20250317000861
2026-02-27 01:30:28	001020	페이퍼코리아	sub_docs_error:ConnectionError	rcept_no=20250320001403
2026-02-27 01:30:33	145990	삼양사	sub_docs_error:ConnectionError	rcept_no=20250319000739
2026-02-27 01:30:34	001520	동양	sub_docs_error:ConnectionError	rcept_no=20250814004295
2026-02-27 01:30:38	039130	하나투어	sub_docs_error:ConnectionError	rcept_no=20250320001129
2026-02-27 01:30:39	000880	한화	sub_docs_error:ConnectionError	rcept_no=20251218000270
2026-02-27 01:30:44	078520	에이블씨엔씨	sub_docs_error:ConnectionError	rcept_no=20250321001828
2026-02-27 01:30:44	001060	JW중외제약	sub_docs_error:ConnectionError	rcept_no=20250318001192
2026-02-27 01:30:49	023000	삼원강재	sub_docs_error:ConnectionError	rcept_no=20250314000520
2026-02-27 01:30:50	000670	영풍	sub_docs_error:ConnectionError	rcept_no=20250401003228
2026-02-27 01:30:54	031430	신세계인터내셔날	sub_docs_error:ConnectionError	rcept_no=20250313000018
2026-02-27 01:30:55	001340	PKC	sub_docs_error:ConnectionError	rcept_no=20250318001326
2026-02-27 01:31:00	140910	에이리츠	sub_docs_error:ConnectionError	rcept_no=20250314000900
2026-02-27 01:31:00	000180	성창기업지주	sub_docs_error:ConnectionError	rcept_no=20250317000553
2026-02-27 01:31:05	047810	한국항공우주	sub_docs_error:ConnectionError	rcept_no=20250318001067
2026-02-27 01:31:06	005110	한창	sub_docs_error:ConnectionError	rcept_no=20250801000425
2026-02-27 01:31:10	071840	롯데하이마트	sub_docs_error:ConnectionError	rcept_no=20250312001152
2026-02-27 01:31:11	004450	삼화왕관	sub_docs_error:ConnectionError	rcept_no=20250320000947
2026-02-27 01:31:16	069640	한세엠케이	sub_docs_error:ConnectionError	rcept_no=20250318000981
2026-02-27 01:31:16	000040	KR모터스	sub_docs_error:ConnectionError	rcept_no=20250319000576
2026-02-27 01:31:21	138490	코오롱ENP	sub_docs_error:ConnectionError	rcept_no=20250318000887
2026-02-27 01:31:22	002240	고려제강	sub_docs_error:ConnectionError	rcept_no=20250515002790
2026-02-27 01:31:26	139480	이마트	sub_docs_error:ConnectionError	rcept_no=20250318000688
2026-02-27 01:31:27	004100	태양금속공업	sub_docs_error:ConnectionError	rcept_no=20250317000712
2026-02-27 01:31:32	139130	iM금융지주	sub_docs_error:ConnectionError	rcept_no=20250318000693
2026-02-27 01:31:32	002820	SUN&L	sub_docs_error:ConnectionError	rcept_no=20250321001205
2026-02-27 01:31:37	053210	케이티스카이라이프	sub_docs_error:ConnectionError	rcept_no=20250318001057
2026-02-27 01:31:38	004840	DRB동일	sub_docs_error:ConnectionError	rcept_no=20250313000850
2026-02-27 01:31:42	138040	메리츠금융지주	sub_docs_error:ConnectionError	rcept_no=20250328001697
2026-02-27 01:31:43	002350	넥센타이어	sub_docs_error:ConnectionError	rcept_no=20250318001449
2026-02-27 01:31:48	023350	한국종합기술	sub_docs_error:ConnectionError	rcept_no=20250318001001
2026-02-27 01:31:48	004060	SG세계물산	sub_docs_error:ConnectionError	rcept_no=20250318000626
2026-02-27 01:31:53	138930	BNK금융지주	sub_docs_error:ConnectionError	rcept_no=20250318001176
2026-02-27 01:31:54	004000	롯데정밀화학	sub_docs_error:ConnectionError	rcept_no=20250327000664
2026-02-27 01:31:58	020150	롯데에너지머티리얼즈	sub_docs_error:ConnectionError	rcept_no=20250314001597
2026-02-27 01:31:59	000020	동화약품	sub_docs_error:ConnectionError	rcept_no=20250318000739
2026-02-27 01:32:04	011210	현대위아	sub_docs_error:ConnectionError	rcept_no=20250313000158
2026-02-27 01:32:04	000210	DL	sub_docs_error:ConnectionError	rcept_no=20250317000751
2026-02-27 01:32:09	136490	선진	sub_docs_error:ConnectionError	rcept_no=20250318001380
2026-02-27 01:32:10	001120	LX인터내셔널	sub_docs_error:ConnectionError	rcept_no=20250320000626
2026-02-27 01:32:14	134380	미원화학	sub_docs_error:ConnectionError	rcept_no=20250310000394
2026-02-27 01:32:15	002720	국제약품	sub_docs_error:ConnectionError	rcept_no=20250320000780
2026-02-27 01:32:20	134790	시디즈	sub_docs_error:ConnectionError	rcept_no=20250814002709
2026-02-27 01:32:20	003240	태광산업	sub_docs_error:ConnectionError	rcept_no=20250814001448
2026-02-27 01:32:25	082740	한화엔진	sub_docs_error:ConnectionError	rcept_no=20250813000469
2026-02-27 01:32:30	117580	대성에너지	sub_docs_error:ConnectionError	rcept_no=20250320001296
2026-02-27 01:32:35	126560	현대퓨처넷	sub_docs_error:ConnectionError	rcept_no=20250829001372
2026-02-27 01:32:41	058860	KTis	sub_docs_error:ConnectionError	rcept_no=20250318000822
2026-02-27 01:32:46	130660	한전산업	sub_docs_error:ConnectionError	rcept_no=20250320001416
2026-02-27 01:32:47	005030	부산주공	sub_docs_error:ConnectionError	rcept_no=20250521000343
2026-02-27 01:32:51	900140	엘브이엠씨	sub_docs_error:ConnectionError	rcept_no=20250425000879
2026-02-27 01:32:52	000590	CS홀딩스	sub_docs_error:ConnectionError	rcept_no=20250321001425
2026-02-27 01:32:57	081660	미스토홀딩스	sub_docs_error:ConnectionError	rcept_no=20250321001837
2026-02-27 01:32:57	000990	DB하이텍	sub_docs_error:ConnectionError	rcept_no=20250312001130
2026-02-27 01:33:02	058850	KTcs	sub_docs_error:ConnectionError	rcept_no=20250320001127
2026-02-27 01:33:03	006570	대림통상	sub_docs_error:ConnectionError	rcept_no=20250320001663
2026-02-27 01:33:07	057050	현대홈쇼핑	sub_docs_error:ConnectionError	rcept_no=20250829001728
2026-02-27 01:33:08	000220	유유제약	sub_docs_error:ConnectionError	rcept_no=20250319000817
2026-02-27 01:33:13	002150	도화엔지니어링	sub_docs_error:ConnectionError	rcept_no=20250813001273
2026-02-27 01:33:13	000860	강남제비스코	sub_docs_error:ConnectionError	rcept_no=20250318001036
2026-02-27 01:33:18	128820	대성산업	sub_docs_error:ConnectionError	rcept_no=20250320001121
2026-02-27 01:33:19	003540	대신증권	sub_docs_error:ConnectionError	rcept_no=20250813001479
2026-02-27 01:33:23	122900	아이마켓코리아	sub_docs_error:ConnectionError	rcept_no=20250320001632
2026-02-27 01:33:24	005940	NH투자증권	sub_docs_error:ConnectionError	rcept_no=20250313000770
2026-02-27 01:33:29	128940	한미약품	sub_docs_error:ConnectionError	rcept_no=20250318001206
2026-02-27 01:33:30	006800	미래에셋증권	sub_docs_error:ConnectionError	rcept_no=20250814004060
2026-02-27 01:33:34	105840	우진	sub_docs_error:ConnectionError	rcept_no=20250313001154
2026-02-27 01:33:35	002700	신일전자	sub_docs_error:ConnectionError	rcept_no=20250320000612
2026-02-27 01:33:39	033920	무학	sub_docs_error:ConnectionError	rcept_no=20250324000610
2026-02-27 01:33:40	001360	삼성제약	sub_docs_error:ConnectionError	rcept_no=20250814003559
2026-02-27 01:33:45	102460	이연제약	sub_docs_error:ConnectionError	rcept_no=20250801000808
2026-02-27 01:33:46	000810	삼성화재해상보험	sub_docs_error:ConnectionError	rcept_no=20250328001868
2026-02-27 01:33:50	123690	한국화장품	sub_docs_error:ConnectionError	rcept_no=20250320001323
2026-02-27 01:33:51	003230	삼양식품	sub_docs_error:ConnectionError	rcept_no=20250318001186
2026-02-27 01:33:55	123700	에스제이엠	sub_docs_error:ConnectionError	rcept_no=20250321000422
2026-02-27 01:33:56	000370	한화손해보험	sub_docs_error:ConnectionError	rcept_no=20250331003267
2026-02-27 01:34:01	060980	HL홀딩스	sub_docs_error:ConnectionError	rcept_no=20250916000312
2026-02-27 01:34:01	008260	NI스틸	sub_docs_error:ConnectionError	rcept_no=20250313000820
2026-02-27 01:34:06	032830	삼성생명	sub_docs_error:ConnectionError	rcept_no=20250331004004
2026-02-27 01:34:07	000230	일동홀딩스	sub_docs_error:ConnectionError	rcept_no=20250318001009
2026-02-27 01:34:11	031440	신세계푸드	sub_docs_error:ConnectionError	rcept_no=20250317000635
2026-02-27 01:34:12	000490	대동	sub_docs_error:ConnectionError	rcept_no=20250318001356
2026-02-27 01:34:17	900110	이스트아시아홀딩스	sub_docs_error:ConnectionError	rcept_no=20250430001450
2026-02-27 01:34:17	001800	오리온홀딩스	sub_docs_error:ConnectionError	rcept_no=20250318000980
2026-02-27 01:34:22	900120	씨엑스아이	sub_docs_error:ConnectionError	rcept_no=20241028000347
2026-02-27 01:34:23	004540	깨끗한나라	sub_docs_error:ConnectionError	rcept_no=20250320000849
2026-02-27 01:34:27	088350	한화생명	sub_docs_error:ConnectionError	rcept_no=20250331003702
2026-02-27 01:34:28	001420	태원물산	sub_docs_error:ConnectionError	rcept_no=20250320001049
2026-02-27 01:34:33	120030	조선선재	sub_docs_error:ConnectionError	rcept_no=20250715000164
2026-02-27 01:34:33	002020	코오롱	sub_docs_error:ConnectionError	rcept_no=20250318001402
2026-02-27 01:34:38	120110	코오롱인더	sub_docs_error:ConnectionError	rcept_no=20250319000318
2026-02-27 01:34:39	005930	삼성전자	sub_docs_error:ConnectionError	rcept_no=20250311001085
2026-02-27 01:34:43	119650	KC코트렐	sub_docs_error:ConnectionError	rcept_no=20250814002924
2026-02-27 01:34:44	000300	DH오토넥스	sub_docs_error:ConnectionError	rcept_no=20250604000001
2026-02-27 01:34:48	071320	지역난방공사	sub_docs_error:ConnectionError	rcept_no=20250327000192
2026-02-27 01:34:49	001460	BYC	sub_docs_error:ConnectionError	rcept_no=20250320001026
2026-02-27 01:34:54	012160	영흥	sub_docs_error:ConnectionError	rcept_no=20250328001676
2026-02-27 01:34:55	003620	KG모빌리티	sub_docs_error:ConnectionError	rcept_no=20250318000528
2026-02-27 01:34:59	118000	메타케어	sub_docs_error:ConnectionError	rcept_no=20250320001573
2026-02-27 01:35:00	005610	SPC삼립	sub_docs_error:ConnectionError	rcept_no=20250318001175
2026-02-27 01:35:04	900070	글로벌에스엠	sub_docs_error:ConnectionError	rcept_no=20250425000505
2026-02-27 01:35:05	000540	흥국화재	sub_docs_error:ConnectionError	rcept_no=20250320001444
2026-02-27 01:35:10	052690	한전기술	sub_docs_error:ConnectionError	rcept_no=20250814001076
2026-02-27 01:35:11	007570	일양약품	sub_docs_error:ConnectionError	rcept_no=20250327001173
2026-02-27 01:35:15	114090	GKL	sub_docs_error:ConnectionError	rcept_no=20250328001704
2026-02-27 01:35:16	002320	한진	sub_docs_error:ConnectionError	rcept_no=20250317000904
2026-02-27 01:35:20	034730	SK	sub_docs_error:ConnectionError	rcept_no=20250318001364
2026-02-27 01:35:21	002200	한국수출포장공업	sub_docs_error:ConnectionError	rcept_no=20250312000675
2026-02-27 01:35:26	032560	황금에스티	sub_docs_error:ConnectionError	rcept_no=20250318001129
2026-02-27 01:35:27	005380	현대자동차	sub_docs_error:ConnectionError	rcept_no=20250312001148
2026-02-27 01:35:31	000080	하이트진로	sub_docs_error:ConnectionError	rcept_no=20250320000493
2026-02-27 01:35:32	005360	모나미	sub_docs_error:ConnectionError	rcept_no=20250321000631
2026-02-27 01:35:37	082640	동양생명	sub_docs_error:ConnectionError	rcept_no=20250331000321
2026-02-27 01:35:37	009830	한화솔루션	sub_docs_error:ConnectionError	rcept_no=20250317001024
2026-02-27 01:35:42	047400	유니온머티리얼	sub_docs_error:ConnectionError	rcept_no=20250319000740
2026-02-27 01:35:42	002030	아세아	sub_docs_error:ConnectionError	rcept_no=20250312000788
2026-02-27 01:35:47	093240	형지엘리트	sub_docs_error:ConnectionError	rcept_no=20240920000129
2026-02-27 01:35:48	006380	카프로	sub_docs_error:ConnectionError	rcept_no=20250327000323
2026-02-27 01:35:52	039490	키움증권	sub_docs_error:ConnectionError	rcept_no=20250317000785
2026-02-27 01:35:53	004990	롯데지주	sub_docs_error:ConnectionError	rcept_no=20250620000111
2026-02-27 01:35:58	111770	영원무역	sub_docs_error:ConnectionError	rcept_no=20250321001998
2026-02-27 01:35:58	001070	대한방직	sub_docs_error:ConnectionError	rcept_no=20250814002484
2026-02-27 01:36:03	053690	한미글로벌	sub_docs_error:ConnectionError	rcept_no=20250814003308
2026-02-27 01:36:04	004410	서울식품공업	sub_docs_error:ConnectionError	rcept_no=20250320000850
2026-02-27 01:36:08	028100	동아지질	sub_docs_error:ConnectionError	rcept_no=20250814003141
2026-02-27 01:36:09	000680	LS네트웍스	sub_docs_error:ConnectionError	rcept_no=20250325000971
2026-02-27 01:36:14	071970	HD현대마린엔진	sub_docs_error:ConnectionError	rcept_no=20250317000801
2026-02-27 01:36:14	001210	금호전기	sub_docs_error:ConnectionError	rcept_no=20250318000723
2026-02-27 01:36:19	108670	LX하우시스	sub_docs_error:ConnectionError	rcept_no=20250318001456
2026-02-27 01:36:20	000140	하이트진로홀딩스	sub_docs_error:ConnectionError	rcept_no=20250320000510
2026-02-27 01:36:24	105630	한세실업	sub_docs_error:ConnectionError	rcept_no=20250318000934
2026-02-27 01:36:25	000320	노루홀딩스	sub_docs_error:ConnectionError	rcept_no=20250814002541
2026-02-27 01:36:30	109070	주성코퍼레이션	sub_docs_error:ConnectionError	rcept_no=20250318000167
2026-02-27 01:36:30	000270	기아	sub_docs_error:ConnectionError	rcept_no=20250313001390
2026-02-27 01:36:35	107590	미원홀딩스	sub_docs_error:ConnectionError	rcept_no=20250319000813
2026-02-27 01:36:36	004800	효성	sub_docs_error:ConnectionError	rcept_no=20250313001006
2026-02-27 01:36:40	078070	유비쿼스홀딩스	sub_docs_error:ConnectionError	rcept_no=20250318001391
2026-02-27 01:36:41	001040	CJ	sub_docs_error:ConnectionError	rcept_no=20250325000721
2026-02-27 01:36:46	035420	NAVER	sub_docs_error:ConnectionError	rcept_no=20250318000645
2026-02-27 01:36:46	000150	두산	sub_docs_error:ConnectionError	rcept_no=20250814002379
2026-02-27 01:36:51	026940	부국철강	sub_docs_error:ConnectionError	rcept_no=20250320000887
2026-02-27 01:36:52	005010	휴스틸	sub_docs_error:ConnectionError	rcept_no=20250318001178
2026-02-27 01:36:56	105560	KB금융	sub_docs_error:ConnectionError	rcept_no=20250526000370
2026-02-27 01:36:57	005830	DB손해보험	sub_docs_error:ConnectionError	rcept_no=20250814003767
2026-02-27 01:37:02	104700	한국철강	sub_docs_error:ConnectionError	rcept_no=20250320001288
2026-02-27 01:37:02	002900	TYM	sub_docs_error:ConnectionError	rcept_no=20250319000651
2026-02-27 01:37:07	103590	일진전기	sub_docs_error:ConnectionError	rcept_no=20250312000485
2026-02-27 01:37:08	003090	대웅	sub_docs_error:ConnectionError	rcept_no=20250814004337
2026-02-27 01:37:12	103140	풍산	sub_docs_error:ConnectionError	rcept_no=20250313001378
2026-02-27 01:37:13	003780	진양산업	sub_docs_error:ConnectionError	rcept_no=20250305000675
2026-02-27 01:37:18	011070	LG이노텍	sub_docs_error:ConnectionError	rcept_no=20250318001384
2026-02-27 01:37:18	003520	영진약품	sub_docs_error:ConnectionError	rcept_no=20250814000584
2026-02-27 01:37:23	017180	명문제약	sub_docs_error:ConnectionError	rcept_no=20250326000618
2026-02-27 01:37:24	002380	케이씨씨	sub_docs_error:ConnectionError	rcept_no=20250313001099
2026-02-27 01:37:28	100220	비상교육	sub_docs_error:ConnectionError	rcept_no=20250320001015
2026-02-27 01:37:29	005300	롯데칠성음료	sub_docs_error:ConnectionError	rcept_no=20250317000932
2026-02-27 01:37:34	102260	동성케미컬	sub_docs_error:ConnectionError	rcept_no=20250515001393
2026-02-27 01:37:34	003200	일신방직	sub_docs_error:ConnectionError	rcept_no=20250319000250
2026-02-27 01:37:39	032640	LG유플러스	sub_docs_error:ConnectionError	rcept_no=20250317000701
2026-02-27 01:37:39	002790	아모레퍼시픽홀딩스	sub_docs_error:ConnectionError	rcept_no=20250317000463
2026-02-27 01:37:44	101140	인바이오젠	sub_docs_error:ConnectionError	rcept_no=20250321001009
2026-02-27 01:37:45	006220	제주은행	sub_docs_error:ConnectionError	rcept_no=20250317000569
2026-02-27 01:37:49	020560	아시아나항공	sub_docs_error:ConnectionError	rcept_no=20250318000756
2026-02-27 01:37:50	004150	한솔홀딩스	sub_docs_error:ConnectionError	rcept_no=20250702000575
2026-02-27 01:37:55	100840	SNT에너지	sub_docs_error:ConnectionError	rcept_no=20250220001320
2026-02-27 01:37:55	007210	벽산	sub_docs_error:ConnectionError	rcept_no=20250321001224
2026-02-27 01:38:00	100250	진양홀딩스	sub_docs_error:ConnectionError	rcept_no=20250306000676
2026-02-27 01:38:01	000400	롯데손해보험	sub_docs_error:ConnectionError	rcept_no=20250424000557
2026-02-27 01:38:05	085310	엔케이	sub_docs_error:ConnectionError	rcept_no=20250319000323
2026-02-27 01:38:06	001130	대한제분	sub_docs_error:ConnectionError	rcept_no=20250313001408
2026-02-27 01:38:11	051600	한전KPS	sub_docs_error:ConnectionError	rcept_no=20250514000974
2026-02-27 01:38:11	001680	대상	sub_docs_error:ConnectionError	rcept_no=20250321000555
2026-02-27 01:38:16	092440	기신정기	sub_docs_error:ConnectionError	rcept_no=20240613000239
2026-02-27 01:38:17	003550	LG	sub_docs_error:ConnectionError	rcept_no=20250318001070
2026-02-27 01:38:21	044450	KSS해운	sub_docs_error:ConnectionError	rcept_no=20250814001308
2026-02-27 01:38:22	000640	동아쏘시오홀딩스	sub_docs_error:ConnectionError	rcept_no=20250321001899
2026-02-27 01:38:27	094280	효성 ITX	sub_docs_error:ConnectionError	rcept_no=20250318000878
2026-02-27 01:38:27	003690	코리안리	sub_docs_error:ConnectionError	rcept_no=20250331003380
2026-02-27 01:38:32	033270	유나이티드	sub_docs_error:ConnectionError	rcept_no=20250728000359
2026-02-27 01:38:33	000970	한국주철관공업	sub_docs_error:ConnectionError	rcept_no=20250320000304
2026-02-27 01:38:37	092200	디아이씨	sub_docs_error:ConnectionError	rcept_no=20250321001173
2026-02-27 01:38:38	003300	한일홀딩스	sub_docs_error:ConnectionError	rcept_no=20250318001319
2026-02-27 01:38:43	097950	CJ제일제당	sub_docs_error:ConnectionError	rcept_no=20250321001604
2026-02-27 01:38:43	004250	엔피씨	sub_docs_error:ConnectionError	rcept_no=20250321001553
2026-02-27 01:38:48	028670	팬오션	sub_docs_error:ConnectionError	rcept_no=20250318000777
2026-02-27 01:38:49	003030	세아제강지주	sub_docs_error:ConnectionError	rcept_no=20250317000708
2026-02-27 01:38:53	097230	HJ중공업	sub_docs_error:ConnectionError	rcept_no=20250813000454
2026-02-27 01:38:54	001440	대한전선	sub_docs_error:ConnectionError	rcept_no=20250325001056
2026-02-27 01:38:58	096760	JW홀딩스	sub_docs_error:ConnectionError	rcept_no=20250318001204
2026-02-27 01:38:59	001790	대한제당	sub_docs_error:ConnectionError	rcept_no=20250313001084
2026-02-27 01:39:04	096770	SK이노베이션	sub_docs_error:ConnectionError	rcept_no=20250318000862
2026-02-27 01:39:05	000070	삼양홀딩스	sub_docs_error:ConnectionError	rcept_no=20250320000941
2026-02-27 01:39:09	086520	에코프로	sub_docs_error:ConnectionError	rcept_no=20250318001116
2026-02-27 01:39:10	002420	세기상사	sub_docs_error:ConnectionError	rcept_no=20250318000783
2026-02-27 01:39:14	029780	삼성카드	sub_docs_error:ConnectionError	rcept_no=20250312000920
2026-02-27 01:39:15	000240	한국앤컴퍼니	sub_docs_error:ConnectionError	rcept_no=20250318000944
2026-02-27 01:39:20	001780	알루코	sub_docs_error:ConnectionError	rcept_no=20250318000832
2026-02-27 01:39:20	000950	전방	sub_docs_error:ConnectionError	rcept_no=20250829002122
2026-02-27 01:39:25	095720	웅진씽크빅	sub_docs_error:ConnectionError	rcept_no=20250320001745
2026-02-27 01:39:26	003490	대한항공	sub_docs_error:ConnectionError	rcept_no=20250318001334
2026-02-27 01:39:30	078020	LS증권	sub_docs_error:ConnectionError	rcept_no=20250319000847
2026-02-27 01:39:31	001530	디아이동일	sub_docs_error:ConnectionError	rcept_no=20250331004012
2026-02-27 01:39:36	090370	메타랩스	sub_docs_error:ConnectionError	rcept_no=20250320001179
2026-02-27 01:39:36	000100	유한양행	sub_docs_error:ConnectionError	rcept_no=20250312001137
2026-02-27 01:39:41	093370	후성	sub_docs_error:ConnectionError	rcept_no=20250317000896
2026-02-27 01:39:42	000120	CJ대한통운	sub_docs_error:ConnectionError	rcept_no=20250317001020
2026-02-27 01:39:46	093050	LF	sub_docs_error:ConnectionError	rcept_no=20250318000532
2026-02-27 01:39:47	000050	경방	sub_docs_error:ConnectionError	rcept_no=20250320001362
2026-02-27 01:39:52	044380	주연테크	sub_docs_error:ConnectionError	rcept_no=20250320000220
2026-02-27 01:39:52	000700	유수홀딩스	sub_docs_error:ConnectionError	rcept_no=20250331003248
2026-02-27 01:39:57	044820	코스맥스비티아이	sub_docs_error:ConnectionError	rcept_no=20250319000641
2026-02-27 01:39:58	003480	한진중공업홀딩스	sub_docs_error:ConnectionError	rcept_no=20250320000396
2026-02-27 01:40:02	034590	인천도시가스	sub_docs_error:ConnectionError	rcept_no=20250306000367
2026-02-27 01:40:08	009770	삼정펄프	sub_docs_error:ConnectionError	rcept_no=20250327001293
2026-02-27 01:40:13	092220	KEC	sub_docs_error:ConnectionError	rcept_no=20250319000838
2026-02-27 01:40:18	092230	KPX홀딩스	sub_docs_error:ConnectionError	rcept_no=20250313001218
2026-02-27 01:40:24	089470	HDC현대EP	sub_docs_error:ConnectionError	rcept_no=20250812000172
2026-02-27 01:40:29	090350	노루페인트	sub_docs_error:ConnectionError	rcept_no=20250313001422
2026-02-27 01:40:34	090430	아모레퍼시픽	sub_docs_error:ConnectionError	rcept_no=20250317000429
2026-02-27 01:40:39	032350	롯데관광개발	sub_docs_error:ConnectionError	rcept_no=20250320001631
2026-02-27 01:40:45	090080	평화산업	sub_docs_error:ConnectionError	rcept_no=20250317000667
2026-02-27 01:40:50	049800	우진플라임	sub_docs_error:ConnectionError	rcept_no=20250321000814
2026-02-27 01:40:55	035510	신세계I&C	sub_docs_error:ConnectionError	rcept_no=20250317000967
2026-02-27 01:41:01	088790	진도	sub_docs_error:ConnectionError	rcept_no=20250327001019
2026-02-27 01:41:06	023530	롯데쇼핑	sub_docs_error:ConnectionError	rcept_no=20250314001659
2026-02-27 01:41:11	086280	현대글로비스	sub_docs_error:ConnectionError	rcept_no=20250318000748
2026-02-27 01:41:17	084870	티비에이치글로벌	sub_docs_error:ConnectionError	rcept_no=20250320000173
2026-02-27 01:41:22	086790	하나금융지주	sub_docs_error:ConnectionError	rcept_no=20250317000894
2026-02-27 01:41:27	001560	제일연마	sub_docs_error:ConnectionError	rcept_no=20250317000206
2026-02-27 01:41:33	079430	현대리바트	sub_docs_error:ConnectionError	rcept_no=20250829001312
2026-02-27 01:41:38	084010	대한제강	sub_docs_error:ConnectionError	rcept_no=20250320000395
2026-02-27 01:41:43	075180	새론오토모티브	sub_docs_error:ConnectionError	rcept_no=20250321000868
2026-02-27 01:41:49	083420	그린케미칼	sub_docs_error:ConnectionError	rcept_no=20250318000396
2026-02-27 01:41:54	084690	대상홀딩스	sub_docs_error:ConnectionError	rcept_no=20250319001086
2026-02-27 01:41:59	071950	코아스	sub_docs_error:ConnectionError	rcept_no=20250320000653
2026-02-27 01:42:05	084680	이월드	sub_docs_error:ConnectionError	rcept_no=20250313000580
2026-02-27 01:42:10	084670	동양고속	sub_docs_error:ConnectionError	rcept_no=20250321001272
2026-02-27 01:42:15	042700	한미반도체	sub_docs_error:ConnectionError	rcept_no=20250313001171
2026-02-27 01:42:21	004890	동일산업	sub_docs_error:ConnectionError	rcept_no=20250328001290
2026-02-27 01:42:26	010960	삼호개발	sub_docs_error:ConnectionError	rcept_no=20250317000096
2026-02-27 01:42:31	073240	금호타이어	sub_docs_error:ConnectionError	rcept_no=20250318001169
2026-02-27 01:42:36	079160	CJ CGV	sub_docs_error:ConnectionError	rcept_no=20250321001474
2026-02-27 01:42:42	081000	일진다이아	sub_docs_error:ConnectionError	rcept_no=20250312000641
2026-02-27 01:42:47	014830	유니드	sub_docs_error:ConnectionError	rcept_no=20250318000116
2026-02-27 01:42:52	041650	상신브레이크	sub_docs_error:ConnectionError	rcept_no=20250314001195
2026-02-27 01:42:58	023810	인팩	sub_docs_error:ConnectionError	rcept_no=20250321001500
2026-02-27 01:43:03	078930	GS	sub_docs_error:ConnectionError	rcept_no=20250318001410
2026-02-27 01:43:08	077500	유니퀘스트	sub_docs_error:ConnectionError	rcept_no=20250320001187
2026-02-27 01:43:14	058730	다스코	sub_docs_error:ConnectionError	rcept_no=20250314000954
2026-02-27 01:43:19	034220	LG디스플레이	sub_docs_error:ConnectionError	rcept_no=20250312000906
2026-02-27 01:43:24	078000	텔코웨어	sub_docs_error:ConnectionError	rcept_no=20250814001427
2026-02-27 01:43:30	077970	STX엔진	sub_docs_error:ConnectionError	rcept_no=20250321000939
2026-02-27 01:43:35	034310	NICE	sub_docs_error:ConnectionError	rcept_no=20250318000811
2026-02-27 01:43:40	019680	대교	sub_docs_error:ConnectionError	rcept_no=20250819000071
2026-02-27 01:43:46	024110	기업은행	sub_docs_error:ConnectionError	rcept_no=20250318001325
2026-02-27 01:43:51	074610	이엔플러스	sub_docs_error:ConnectionError	rcept_no=20250407004328
2026-02-27 01:43:56	025750	한솔홈데코	sub_docs_error:ConnectionError	rcept_no=20250311000946
2026-02-27 01:44:02	007660	이수페타시스	sub_docs_error:ConnectionError	rcept_no=20250321001007
2026-02-27 01:44:07	035250	강원랜드	sub_docs_error:ConnectionError	rcept_no=20250318001106
2026-02-27 01:44:12	037270	YG PLUS	sub_docs_error:ConnectionError	rcept_no=20250320001394
2026-02-27 01:44:18	072710	농심홀딩스	sub_docs_error:ConnectionError	rcept_no=20250814002854
2026-02-27 01:44:23	071050	한국금융지주	sub_docs_error:ConnectionError	rcept_no=20250320000910
2026-02-27 01:44:28	072130	유엔젤	sub_docs_error:ConnectionError	rcept_no=20250328001604
2026-02-27 01:44:34	034120	SBS	sub_docs_error:ConnectionError	rcept_no=20250320001108
2026-02-27 01:44:39	036570	엔씨소프트	sub_docs_error:ConnectionError	rcept_no=20250328002285
2026-02-27 01:44:44	071090	하이스틸	sub_docs_error:ConnectionError	rcept_no=20250312001033
2026-02-27 01:44:50	069730	DSR제강	sub_docs_error:ConnectionError	rcept_no=20250226005968
2026-02-27 01:44:55	006890	태경케미컬	sub_docs_error:ConnectionError	rcept_no=20250318000825
2026-02-27 01:45:00	011500	한농화성	sub_docs_error:ConnectionError	rcept_no=20250320000501
2026-02-27 01:45:06	069960	현대백화점	sub_docs_error:ConnectionError	rcept_no=20250318001045
2026-02-27 01:45:11	069460	대호에이엘	sub_docs_error:ConnectionError	rcept_no=20250711000353
2026-02-27 01:45:16	069620	대웅제약	sub_docs_error:ConnectionError	rcept_no=20250814004375
2026-02-27 01:45:22	027740	마니커	sub_docs_error:ConnectionError	rcept_no=20250324000626
2026-02-27 01:45:27	036530	SNT홀딩스	sub_docs_error:ConnectionError	rcept_no=20250220001567
2026-02-27 01:45:32	069260	티케이지휴켐스	sub_docs_error:ConnectionError	rcept_no=20250313001222
2026-02-27 01:45:38	033530	SJG세종	sub_docs_error:ConnectionError	rcept_no=20250317000672
2026-02-27 01:45:43	058430	포스코스틸리온	sub_docs_error:ConnectionError	rcept_no=20250408001924
2026-02-27 01:45:48	068290	삼성출판사	sub_docs_error:ConnectionError	rcept_no=20251114002511
2026-02-27 01:45:54	067830	세이브존I&C	sub_docs_error:ConnectionError	rcept_no=20250320000981
2026-02-27 01:45:59	030610	교보증권	sub_docs_error:ConnectionError	rcept_no=20250313000901
2026-02-27 01:46:04	009240	한샘	sub_docs_error:ConnectionError	rcept_no=20250313001195
2026-02-27 01:46:10	017370	우신시스템	sub_docs_error:ConnectionError	rcept_no=20250318000772
2026-02-27 01:46:15	066570	LG전자	sub_docs_error:ConnectionError	rcept_no=20250317001029
2026-02-27 01:46:20	024720	콜마홀딩스	sub_docs_error:ConnectionError	rcept_no=20250814004400
2026-02-27 01:46:25	064960	SNT모티브	sub_docs_error:ConnectionError	rcept_no=20250220001279
2026-02-27 01:46:31	037710	광주신세계	sub_docs_error:ConnectionError	rcept_no=20250313000495
2026-02-27 01:46:36	020760	일진디스플	sub_docs_error:ConnectionError	rcept_no=20250320000779
2026-02-27 01:46:41	060250	NHN KCP	sub_docs_error:ConnectionError	rcept_no=20250327000536
2026-02-27 01:46:47	063160	종근당바이오	sub_docs_error:ConnectionError	rcept_no=20250318001004
2026-02-27 01:46:52	054620	APS	sub_docs_error:ConnectionError	rcept_no=20250321001983
2026-02-27 01:46:57	055550	신한지주	sub_docs_error:ConnectionError	rcept_no=20250318000993
2026-02-27 01:47:03	021240	코웨이	sub_docs_error:ConnectionError	rcept_no=20250321001734
2026-02-27 01:47:08	058650	세아홀딩스	sub_docs_error:ConnectionError	rcept_no=20250314001645
2026-02-27 01:47:13	051900	LG생활건강	sub_docs_error:ConnectionError	rcept_no=20250317000790
2026-02-27 01:47:19	051910	LG화학	sub_docs_error:ConnectionError	rcept_no=20250731000339
2026-02-27 01:47:24	047040	대우건설	sub_docs_error:ConnectionError	rcept_no=20250813000868
2026-02-27 01:47:29	047050	포스코인터내셔널	sub_docs_error:ConnectionError	rcept_no=20250314001718
2026-02-27 01:47:35	042660	한화오션	sub_docs_error:ConnectionError	rcept_no=20250314001630
2026-02-27 01:47:40	051630	진양화학	sub_docs_error:ConnectionError	rcept_no=20250304000650
2026-02-27 01:47:45	034020	두산에너빌리티	sub_docs_error:ConnectionError	rcept_no=20250320001103
2026-02-27 01:47:51	010040	한국내화	sub_docs_error:ConnectionError	rcept_no=20250318000918
2026-02-27 01:47:56	042370	비츠로테크	sub_docs_error:ConnectionError	rcept_no=20250321001569
2026-02-27 01:48:01	041190	우리기술투자	sub_docs_error:ConnectionError	rcept_no=20250320000645
2026-02-27 01:48:06	016450	한세예스24홀딩스	sub_docs_error:ConnectionError	rcept_no=20250814003323
2026-02-27 01:48:12	016710	대성홀딩스	sub_docs_error:ConnectionError	rcept_no=20250320000999
2026-02-27 01:48:17	003220	대원제약	sub_docs_error:ConnectionError	rcept_no=20250320001537
2026-02-27 01:48:22	036460	한국가스공사	sub_docs_error:ConnectionError	rcept_no=20250325000742
2026-02-27 01:48:28	027830	대성창투	sub_docs_error:ConnectionError	rcept_no=20250319001089
2026-02-27 01:48:33	007120	미래아이앤지	sub_docs_error:ConnectionError	rcept_no=20250814002870
2026-02-27 01:48:38	000850	화천기공	sub_docs_error:ConnectionError	rcept_no=20250312000803
2026-02-27 01:48:44	036580	팜스코	sub_docs_error:ConnectionError	rcept_no=20250318001293
2026-02-27 01:48:49	033780	케이티앤지	sub_docs_error:ConnectionError	rcept_no=20250318001223
2026-02-27 01:48:54	009540	HD한국조선해양	sub_docs_error:ConnectionError	rcept_no=20250318001131
2026-02-27 01:48:59	024090	디씨엠	sub_docs_error:ConnectionError	rcept_no=20250718000228
2026-02-27 01:49:05	006840	AK홀딩스	sub_docs_error:ConnectionError	rcept_no=20250318001263
2026-02-27 01:49:10	035000	HS애드	sub_docs_error:ConnectionError	rcept_no=20250311001196
2026-02-27 01:49:15	006650	대한유화	sub_docs_error:ConnectionError	rcept_no=20250306000568
2026-02-27 01:49:21	035150	백산	sub_docs_error:ConnectionError	rcept_no=20250319000644
2026-02-27 01:49:26	033250	체시스	sub_docs_error:ConnectionError	rcept_no=20250321001138
2026-02-27 01:49:31	034810	해성산업	sub_docs_error:ConnectionError	rcept_no=20250321001630
2026-02-27 01:49:37	033240	자화전자	sub_docs_error:ConnectionError	rcept_no=20250320001727
2026-02-27 01:49:42	030200	케이티	sub_docs_error:ConnectionError	rcept_no=20250321001834
2026-02-27 01:49:47	019490	엑시큐어하이트론	sub_docs_error:ConnectionError	rcept_no=20250321001008
2026-02-27 01:49:53	030000	제일기획	sub_docs_error:ConnectionError	rcept_no=20250311000974
2026-02-27 01:49:58	026890	스틱인베스트먼트	sub_docs_error:ConnectionError	rcept_no=20250320001381
2026-02-27 01:50:03	029460	케이씨	sub_docs_error:ConnectionError	rcept_no=20250318001395
2026-02-27 01:50:09	024890	대원화성	sub_docs_error:ConnectionError	rcept_no=20250320001317
2026-02-27 01:50:14	017940	E1	sub_docs_error:ConnectionError	rcept_no=20250814000491
2026-02-27 01:50:19	018670	SK가스	sub_docs_error:ConnectionError	rcept_no=20250312000964
2026-02-27 01:50:25	023590	다우기술	sub_docs_error:ConnectionError	rcept_no=20250318001202
2026-02-27 01:50:30	014440	영보화학	sub_docs_error:ConnectionError	rcept_no=20250312000962
2026-02-27 01:50:35	011790	SKC	sub_docs_error:ConnectionError	rcept_no=20250318001448
2026-02-27 01:50:41	025890	한국주강	sub_docs_error:ConnectionError	rcept_no=20250319000402
2026-02-27 01:50:46	024900	디와이덕양	sub_docs_error:ConnectionError	rcept_no=20250317000666
2026-02-27 01:50:51	023960	에쓰씨엔지니어링	sub_docs_error:ConnectionError	rcept_no=20250326001145
2026-02-27 01:50:57	023800	인지컨트롤스	sub_docs_error:ConnectionError	rcept_no=20250328001677
2026-02-27 01:51:02	012320	경동인베스트	sub_docs_error:ConnectionError	rcept_no=20250320001376
2026-02-27 01:51:07	031820	아이티센씨티에스	sub_docs_error:ConnectionError	rcept_no=20250319001103
2026-02-27 01:51:13	025530	에스제이엠홀딩스	sub_docs_error:ConnectionError	rcept_no=20250320001596
2026-02-27 01:51:18	000660	SK하이닉스	sub_docs_error:ConnectionError	rcept_no=20250319000665
2026-02-27 01:51:23	015360	INVENI	sub_docs_error:ConnectionError	rcept_no=20250811000385
2026-02-27 01:51:29	023150	MH에탄올	sub_docs_error:ConnectionError	rcept_no=20250312000625
2026-02-27 01:51:34	023450	동남합성	sub_docs_error:ConnectionError	rcept_no=20250311000605
2026-02-27 01:51:39	028050	삼성E&A	sub_docs_error:ConnectionError	rcept_no=20250814003670
2026-02-27 01:51:45	029530	신도리코	sub_docs_error:ConnectionError	rcept_no=20250715000025
2026-02-27 01:51:50	005320	온타이드	sub_docs_error:ConnectionError	rcept_no=20250320000926
2026-02-27 01:51:55	016800	퍼시스	sub_docs_error:ConnectionError	rcept_no=20250814001419
2026-02-27 01:52:01	024070	WISCOM	sub_docs_error:ConnectionError	rcept_no=20250320000660
2026-02-27 01:52:06	030720	동원수산	sub_docs_error:ConnectionError	rcept_no=20250404003738
2026-02-27 01:52:11	025560	미래산업	sub_docs_error:ConnectionError	rcept_no=20250318001105
2026-02-27 01:52:17	030210	다올투자증권	sub_docs_error:ConnectionError	rcept_no=20250317000595
2026-02-27 01:52:22	012630	HDC	sub_docs_error:ConnectionError	rcept_no=20250812000713
2026-02-27 01:52:27	017900	광전자	sub_docs_error:ConnectionError	rcept_no=20250320000952
2026-02-27 01:52:32	025540	한국단자공업	sub_docs_error:ConnectionError	rcept_no=20250320000091
2026-02-27 01:52:38	021880	메이슨캐피탈	sub_docs_error:ConnectionError	rcept_no=20240619000040
2026-02-27 01:52:43	003160	디아이	sub_docs_error:ConnectionError	rcept_no=20250313001050
2026-02-27 01:52:48	011930	신성이엔지	sub_docs_error:ConnectionError	rcept_no=20250318001079
2026-02-27 01:52:54	019180	티에이치엔	sub_docs_error:ConnectionError	rcept_no=20250319001022
2026-02-27 01:52:59	018880	한온시스템	sub_docs_error:ConnectionError	rcept_no=20250321001829
2026-02-27 01:53:04	006740	블루산업개발	sub_docs_error:ConnectionError	rcept_no=20250411003513
2026-02-27 01:53:10	021820	세원정공	sub_docs_error:ConnectionError	rcept_no=20250808000388
2026-02-27 01:53:15	000910	유니온	sub_docs_error:ConnectionError	rcept_no=20250320001552
2026-02-27 01:53:20	020120	키다리스튜디오	sub_docs_error:ConnectionError	rcept_no=20250319000526
2026-02-27 01:53:26	027970	한국제지	sub_docs_error:ConnectionError	rcept_no=20250314001620
2026-02-27 01:53:31	020000	한섬	sub_docs_error:ConnectionError	rcept_no=20250829000928
2026-02-27 01:53:36	017800	현대엘리베이터	sub_docs_error:ConnectionError	rcept_no=20250318000920
2026-02-27 01:53:41	016580	환인제약	sub_docs_error:ConnectionError	rcept_no=20250813000488
2026-02-27 01:53:47	013580	계룡건설산업	sub_docs_error:ConnectionError	rcept_no=20250814001751
2026-02-27 01:53:52	021050	서원	sub_docs_error:ConnectionError	rcept_no=20250320001156
2026-02-27 01:53:57	012750	에스원	sub_docs_error:ConnectionError	rcept_no=20250312000984
2026-02-27 01:54:03	015890	태경산업	sub_docs_error:ConnectionError	rcept_no=20250321000898
2026-02-27 01:54:08	016590	신대양제지	sub_docs_error:ConnectionError	rcept_no=20250320001290
2026-02-27 01:54:13	011690	와이투솔루션	sub_docs_error:ConnectionError	rcept_no=20250319001127
2026-02-27 01:54:19	025860	남해화학	sub_docs_error:ConnectionError	rcept_no=20250320001558
2026-02-27 01:54:24	018500	동원금속	sub_docs_error:ConnectionError	rcept_no=20240619000177
2026-02-27 01:54:29	011300	성안머티리얼스	sub_docs_error:ConnectionError	rcept_no=20250320000581
2026-02-27 01:54:34	011200	HMM	sub_docs_error:ConnectionError	rcept_no=20250318000828
2026-02-27 01:54:40	012610	경인양행	sub_docs_error:ConnectionError	rcept_no=20250320000738
2026-02-27 01:54:45	017810	풀무원	sub_docs_error:ConnectionError	rcept_no=20250318001312
2026-02-27 01:54:50	017390	서울도시가스	sub_docs_error:ConnectionError	rcept_no=20250703000161
2026-02-27 01:54:56	025820	이구산업	sub_docs_error:ConnectionError	rcept_no=20250320000112
2026-02-27 01:55:01	011090	에넥스	sub_docs_error:ConnectionError	rcept_no=20250318001112
2026-02-27 01:55:06	007460	에이프로젠	sub_docs_error:ConnectionError	rcept_no=20250321001573
2026-02-27 01:55:12	025620	차AI헬스케어	sub_docs_error:ConnectionError	rcept_no=20250319000718
2026-02-27 01:55:17	017960	한국카본	sub_docs_error:ConnectionError	rcept_no=20250319000937
2026-02-27 01:55:22	025000	KPX케미칼	sub_docs_error:ConnectionError	rcept_no=20250313001177
2026-02-27 01:55:28	007980	TP	sub_docs_error:ConnectionError	rcept_no=20250319000833
2026-02-27 01:55:33	010580	에스엠벡셀	sub_docs_error:ConnectionError	rcept_no=20250320001174
2026-02-27 01:55:38	023760	한국캐피탈	sub_docs_error:ConnectionError	rcept_no=20250313001128
2026-02-27 01:55:44	009440	KC그린홀딩스	sub_docs_error:ConnectionError	rcept_no=20250320001565
2026-02-27 01:55:49	008420	문배철강	sub_docs_error:ConnectionError	rcept_no=20250708000057
2026-02-27 01:55:54	016880	웅진	sub_docs_error:ConnectionError	rcept_no=20250320001474
2026-02-27 01:55:59	014790	HL D&I	sub_docs_error:ConnectionError	rcept_no=20250317000836
2026-02-27 01:56:05	007310	오뚜기	sub_docs_error:ConnectionError	rcept_no=20250318000979
2026-02-27 01:56:10	008500	일정실업	sub_docs_error:ConnectionError	rcept_no=20250321000231
2026-02-27 01:56:15	010120	엘에스일렉트릭	sub_docs_error:ConnectionError	rcept_no=20250317000918
2026-02-27 01:56:21	009190	대양금속	sub_docs_error:ConnectionError	rcept_no=20250731000398
2026-02-27 01:56:26	000760	이화산업	sub_docs_error:ConnectionError	rcept_no=20250320000337
2026-02-27 01:56:31	014820	동원시스템즈	sub_docs_error:ConnectionError	rcept_no=20250318000868
2026-02-27 01:56:37	010140	삼성중공업	sub_docs_error:ConnectionError	rcept_no=20250319000397
2026-02-27 01:56:42	009680	모토닉	sub_docs_error:ConnectionError	rcept_no=20250313000748
2026-02-27 01:56:47	010690	화신	sub_docs_error:ConnectionError	rcept_no=20250317000376
2026-02-27 01:56:53	007330	푸른저축은행	sub_docs_error:ConnectionError	rcept_no=20250318000957
2026-02-27 01:56:58	000390	삼화페인트공업	sub_docs_error:ConnectionError	rcept_no=20250312000816
2026-02-27 01:57:03	009450	경동나비엔	sub_docs_error:ConnectionError	rcept_no=20250318000908
2026-02-27 01:57:08	016600	큐캐피탈	sub_docs_error:ConnectionError	rcept_no=20250318000977
2026-02-27 01:57:14	012030	DB	sub_docs_error:ConnectionError	rcept_no=20250320000879
2026-02-27 01:57:19	005090	SGC에너지	sub_docs_error:ConnectionError	rcept_no=20250312001090
2026-02-27 01:57:24	005750	대림바스	sub_docs_error:ConnectionError	rcept_no=20250321001769
2026-02-27 01:57:30	005880	대한해운	sub_docs_error:ConnectionError	rcept_no=20250320001093
2026-02-27 01:57:35	005870	휴니드테크놀러지스	sub_docs_error:ConnectionError	rcept_no=20250310000706
2026-02-27 01:57:40	017550	수산세보틱스	sub_docs_error:ConnectionError	rcept_no=20250321001765
2026-02-27 01:57:46	021080	에이티넘인베스트	sub_docs_error:ConnectionError	rcept_no=20250311001310
2026-02-27 01:57:51	011170	롯데케미칼	sub_docs_error:ConnectionError	rcept_no=20250725000806
2026-02-27 01:57:56	001430	세아베스틸지주	sub_docs_error:ConnectionError	rcept_no=20250318000465
2026-02-27 01:58:02	008770	호텔신라	sub_docs_error:ConnectionError	rcept_no=20250515002269
2026-02-27 01:58:07	014580	태경비케이	sub_docs_error:ConnectionError	rcept_no=20250320001058
2026-02-27 01:58:12	013520	화승코퍼레이션	sub_docs_error:ConnectionError	rcept_no=20250321001555
2026-02-27 01:58:17	004080	신흥	sub_docs_error:ConnectionError	rcept_no=20250320000945
2026-02-27 01:58:23	006060	화승인더스트리	sub_docs_error:ConnectionError	rcept_no=20250317000314
2026-02-27 01:58:28	014530	극동유화	sub_docs_error:ConnectionError	rcept_no=20250320001025
2026-02-27 01:58:33	002140	고려산업	sub_docs_error:ConnectionError	rcept_no=20250312000333
2026-02-27 01:58:39	016090	대현	sub_docs_error:ConnectionError	rcept_no=20250321001236
2026-02-27 01:58:44	001620	케이비아이동국실업	sub_docs_error:ConnectionError	rcept_no=20250319000773
2026-02-27 01:58:49	017040	광명전기	sub_docs_error:ConnectionError	rcept_no=20250814002376
2026-02-27 01:58:55	011390	부산산업	sub_docs_error:ConnectionError	rcept_no=20250320000250
2026-02-27 01:59:00	011810	STX	sub_docs_error:ConnectionError	rcept_no=20250320001714
2026-02-27 01:59:05	010130	고려아연	sub_docs_error:ConnectionError	rcept_no=20250331003521
2026-02-27 01:59:10	004720	팜젠사이언스	sub_docs_error:ConnectionError	rcept_no=20250321000584
2026-02-27 01:59:16	009200	무림페이퍼	sub_docs_error:ConnectionError	rcept_no=20250317000368
2026-02-27 01:59:21	001500	현대차증권	sub_docs_error:ConnectionError	rcept_no=20250814002660
2026-02-27 01:59:26	008870	금비	sub_docs_error:ConnectionError	rcept_no=20241219000451
2026-02-27 01:59:32	008110	대동전자	sub_docs_error:ConnectionError	rcept_no=20240618000424
2026-02-27 01:59:37	005820	원림	sub_docs_error:ConnectionError	rcept_no=20250321000993
2026-02-27 01:59:42	008490	서흥	sub_docs_error:ConnectionError	rcept_no=20250320000847
2026-02-27 01:59:48	014910	성문전자	sub_docs_error:ConnectionError	rcept_no=20250320000385
2026-02-27 01:59:53	003580	HLB글로벌	sub_docs_error:ConnectionError	rcept_no=20250319000687
2026-02-27 01:59:58	015860	일진홀딩스	sub_docs_error:ConnectionError	rcept_no=20250328001256
2026-02-27 02:00:04	014160	대영포장	sub_docs_error:ConnectionError	rcept_no=20250320001314
2026-02-27 02:00:09	012280	영화금속	sub_docs_error:ConnectionError	rcept_no=20250318000559
2026-02-27 02:00:14	019170	신풍제약	sub_docs_error:ConnectionError	rcept_no=20250814002067
2026-02-27 02:00:20	002210	동성제약	sub_docs_error:ConnectionError	rcept_no=20250321001375
2026-02-27 02:00:25	012170	아센디오	sub_docs_error:ConnectionError	rcept_no=20250321000735
2026-02-27 02:00:30	009420	한올바이오파마	sub_docs_error:ConnectionError	rcept_no=20250318000750
2026-02-27 02:00:35	011330	유니켐	sub_docs_error:ConnectionError	rcept_no=20250807000215
2026-02-27 02:00:41	012800	대창	sub_docs_error:ConnectionError	rcept_no=20250318001233
2026-02-27 02:00:46	013360	일성건설	sub_docs_error:ConnectionError	rcept_no=20250808000499
2026-02-27 02:00:51	013700	까뮤이앤씨	sub_docs_error:ConnectionError	rcept_no=20250321001470
2026-02-27 02:00:57	002760	보락	sub_docs_error:ConnectionError	rcept_no=20250321000822
2026-02-27 02:01:02	007610	선도전기	sub_docs_error:ConnectionError	rcept_no=20250926000794
2026-02-27 02:01:07	004920	씨아이테크	sub_docs_error:ConnectionError	rcept_no=20250321000753
2026-02-27 02:01:13	009290	광동제약	sub_docs_error:ConnectionError	rcept_no=20250325000803
2026-02-27 02:01:18	011420	갤럭시아에스엠	sub_docs_error:ConnectionError	rcept_no=20250814002546
2026-02-27 02:01:23	004270	남성	sub_docs_error:ConnectionError	rcept_no=20250319000945
2026-02-27 02:01:29	001940	KISCO홀딩스	sub_docs_error:ConnectionError	rcept_no=20250320001326
2026-02-27 02:01:34	009410	태영건설	sub_docs_error:ConnectionError	rcept_no=20250814003344
2026-02-27 02:01:39	007280	한국특강	sub_docs_error:ConnectionError	rcept_no=20250321001284
2026-02-27 02:01:44	009180	한솔로지스틱스	sub_docs_error:ConnectionError	rcept_no=20250311001053
2026-02-27 02:01:50	002170	삼양통상	sub_docs_error:ConnectionError	rcept_no=20250321001357
2026-02-27 02:01:55	017670	SK텔레콤	sub_docs_error:ConnectionError	rcept_no=20250317000684
2026-02-27 02:02:00	010640	진양폴리우레탄	sub_docs_error:ConnectionError	rcept_no=20250228006453
2026-02-27 02:02:06	003650	미창석유공업	sub_docs_error:ConnectionError	rcept_no=20250321001415
2026-02-27 02:02:11	004380	삼익THK	sub_docs_error:ConnectionError	rcept_no=20250313001328
2026-02-27 02:02:16	002840	미원상사	sub_docs_error:ConnectionError	rcept_no=20250317000651
2026-02-27 02:02:22	007860	서연	sub_docs_error:ConnectionError	rcept_no=20250318001318
2026-02-27 02:02:27	019550	SBI인베스트먼트	sub_docs_error:ConnectionError	rcept_no=20250319000401
2026-02-27 02:02:32	013000	세우글로벌	sub_docs_error:ConnectionError	rcept_no=20250321001830
2026-02-27 02:02:38	010060	OCI홀딩스	sub_docs_error:ConnectionError	rcept_no=20250318001243
2026-02-27 02:02:43	003120	일성아이에스	sub_docs_error:ConnectionError	rcept_no=20250814002850
2026-02-27 02:02:48	001380	SG글로벌	sub_docs_error:ConnectionError	rcept_no=20250319000355
2026-02-27 02:02:54	006120	SK디스커버리	sub_docs_error:ConnectionError	rcept_no=20250318001277
2026-02-27 02:02:59	007540	샘표	sub_docs_error:ConnectionError	rcept_no=20250814000253
2026-02-27 02:03:04	003280	흥아해운	sub_docs_error:ConnectionError	rcept_no=20250317000787
2026-02-27 02:03:09	001250	GS글로벌	sub_docs_error:ConnectionError	rcept_no=20250318001328
2026-02-27 02:03:15	002990	금호건설	sub_docs_error:ConnectionError	rcept_no=20250814001090
2026-02-27 02:03:20	001470	삼부토건	sub_docs_error:ConnectionError	rcept_no=20250814002051
2026-02-27 02:03:25	001820	삼화콘덴서공업	sub_docs_error:ConnectionError	rcept_no=20250313000953
2026-02-27 02:03:31	001020	페이퍼코리아	sub_docs_error:ConnectionError	rcept_no=20250320001403
2026-02-27 02:03:36	001520	동양	sub_docs_error:ConnectionError	rcept_no=20250814004295
2026-02-27 02:03:41	000880	한화	sub_docs_error:ConnectionError	rcept_no=20251218000270
2026-02-27 02:03:47	001060	JW중외제약	sub_docs_error:ConnectionError	rcept_no=20250318001192
2026-02-27 02:03:52	000670	영풍	sub_docs_error:ConnectionError	rcept_no=20250401003228
2026-02-27 02:03:57	001340	PKC	sub_docs_error:ConnectionError	rcept_no=20250318001326
2026-02-27 02:04:03	000180	성창기업지주	sub_docs_error:ConnectionError	rcept_no=20250317000553
2026-02-27 02:04:08	005110	한창	sub_docs_error:ConnectionError	rcept_no=20250801000425
2026-02-27 02:04:13	004450	삼화왕관	sub_docs_error:ConnectionError	rcept_no=20250320000947
2026-02-27 02:04:19	000040	KR모터스	sub_docs_error:ConnectionError	rcept_no=20250319000576
2026-02-27 02:04:24	002240	고려제강	sub_docs_error:ConnectionError	rcept_no=20250515002790
2026-02-27 02:04:29	004100	태양금속공업	sub_docs_error:ConnectionError	rcept_no=20250317000712
2026-02-27 02:04:34	002820	SUN&L	sub_docs_error:ConnectionError	rcept_no=20250321001205
2026-02-27 02:04:40	004840	DRB동일	sub_docs_error:ConnectionError	rcept_no=20250313000850
2026-02-27 02:04:45	002350	넥센타이어	sub_docs_error:ConnectionError	rcept_no=20250318001449
2026-02-27 02:04:50	004060	SG세계물산	sub_docs_error:ConnectionError	rcept_no=20250318000626
2026-02-27 02:04:56	004000	롯데정밀화학	sub_docs_error:ConnectionError	rcept_no=20250327000664
2026-02-27 02:05:01	000020	동화약품	sub_docs_error:ConnectionError	rcept_no=20250318000739
2026-02-27 02:05:06	000210	DL	sub_docs_error:ConnectionError	rcept_no=20250317000751
2026-02-27 02:05:12	001120	LX인터내셔널	sub_docs_error:ConnectionError	rcept_no=20250320000626
2026-02-27 02:05:17	002720	국제약품	sub_docs_error:ConnectionError	rcept_no=20250320000780
2026-02-27 02:05:22	003240	태광산업	sub_docs_error:ConnectionError	rcept_no=20250814001448
2026-02-27 02:05:27	005030	부산주공	sub_docs_error:ConnectionError	rcept_no=20250521000343
2026-02-27 16:08:23	393970	대진첨단소재	business_section_not_found	rcept_no=20250324000700
2026-02-27 16:08:24	462510	라메디텍	business_section_not_found	rcept_no=20250319000467
2026-02-27 16:08:25	338840	와이바이오로직스	business_section_not_found	rcept_no=20250718000564
2026-02-27 16:08:27	416180	신성에스티	business_section_not_found	rcept_no=20250319000004
2026-02-27 16:08:28	451800	한화리츠	business_section_not_found	rcept_no=20250321001370
2026-02-27 16:08:29	417010	나노팀	business_section_not_found	rcept_no=20250325000600
2026-02-27 16:08:30	102950	아하	business_section_not_found	rcept_no=20250326000824
2026-02-27 16:08:32	403360	라피치	business_section_not_found	rcept_no=20250327000068
2026-02-27 16:08:33	316140	우리금융지주	business_section_not_found	rcept_no=20250318001303
2026-02-27 16:08:34	233250	메디안디노스틱	business_section_not_found	rcept_no=20251021000231
2026-02-27 16:08:36	238500	로보쓰리에이아이	business_section_not_found	rcept_no=20250407004339
2026-02-27 16:09:29	071840	롯데하이마트	business_section_not_found	rcept_no=20250312001152
2026-02-27 16:12:36	123700	에스제이엠	business_section_not_found	rcept_no=20250321000422
2026-02-27 16:20:21	089470	HDC현대EP	business_section_not_found	rcept_no=20250812000172
2026-02-27 16:21:14	086280	현대글로비스	business_section_not_found	rcept_no=20250318000748
2026-02-27 16:37:13	025860	남해화학	business_section_not_found	rcept_no=20250320001558
2026-02-27 16:39:17	008500	일정실업	business_section_not_found	rcept_no=20250321000231
2026-02-27 16:46:35	010060	OCI홀딩스	business_section_not_found	rcept_no=20250318001243
2026-02-27 16:46:36	003120	일성아이에스	business_section_not_found	rcept_no=20250814002850
2026-02-27 16:49:36	002720	국제약품	business_section_not_found	rcept_no=20250320000780
2026-02-27 16:53:20	006380	카프로	business_section_not_found	rcept_no=20250327000323
2026-02-27 16:57:36	000950	전방	business_section_not_found	rcept_no=20250829002122
2026-02-27 16:57:58	000120	CJ대한통운	business_section_not_found	rcept_no=20250317001020
2026-02-27 16:58:05	000700	유수홀딩스	business_section_not_found	rcept_no=20250331003248
2026-02-27 16:59:06	393970	대진첨단소재	business_section_not_found	rcept_no=20250324000700
2026-02-27 16:59:07	462510	라메디텍	business_section_not_found	rcept_no=20250319000467
2026-02-27 16:59:09	338840	와이바이오로직스	business_section_not_found	rcept_no=20250718000564
2026-02-27 16:59:10	416180	신성에스티	business_section_not_found	rcept_no=20250319000004
2026-02-27 16:59:12	451800	한화리츠	business_section_not_found	rcept_no=20250321001370
2026-02-27 16:59:13	417010	나노팀	business_section_not_found	rcept_no=20250325000600
2026-02-27 16:59:14	102950	아하	business_section_not_found	rcept_no=20250326000824
2026-02-27 16:59:16	403360	라피치	business_section_not_found	rcept_no=20250327000068
2026-02-27 16:59:17	316140	우리금융지주	business_section_not_found	rcept_no=20250318001303
2026-02-27 16:59:18	233250	메디안디노스틱	business_section_not_found	rcept_no=20251021000231
2026-02-27 16:59:20	238500	로보쓰리에이아이	business_section_not_found	rcept_no=20250407004339
2026-02-27 16:59:21	071840	롯데하이마트	business_section_not_found	rcept_no=20250312001152
2026-02-27 16:59:22	123700	에스제이엠	business_section_not_found	rcept_no=20250321000422
2026-02-27 16:59:24	089470	HDC현대EP	business_section_not_found	rcept_no=20250812000172
2026-02-27 16:59:25	086280	현대글로비스	business_section_not_found	rcept_no=20250318000748
2026-02-27 16:59:27	025860	남해화학	business_section_not_found	rcept_no=20250320001558
2026-02-27 16:59:28	008500	일정실업	business_section_not_found	rcept_no=20250321000231
2026-02-27 16:59:29	010060	OCI홀딩스	business_section_not_found	rcept_no=20250318001243
2026-02-27 16:59:31	003120	일성아이에스	business_section_not_found	rcept_no=20250814002850
2026-02-27 16:59:32	002720	국제약품	business_section_not_found	rcept_no=20250320000780
2026-02-27 16:59:33	006380	카프로	business_section_not_found	rcept_no=20250327000323
2026-02-27 16:59:35	000950	전방	business_section_not_found	rcept_no=20250829002122
2026-02-27 16:59:36	000120	CJ대한통운	business_section_not_found	rcept_no=20250317001020
2026-02-27 16:59:37	000700	유수홀딩스	business_section_not_found	rcept_no=20250331003248
